,G2cruise,G2station,G2latitude,G2longitude,G2pressure,G2theta,G2salinity,G2salinityf
43423,25,95.0,59.77,-41.301,1497.2,3.0210000000000004,34.908,2
43444,25,96.0,59.787,-41.648999999999994,1496.0,3.0103,34.911,2
43485,25,98.0,59.787,-41.645,1395.2,3.083,34.908,2
43766,25,113.0,59.7,-42.0,1395.6,3.0276,34.906,2
43785,25,114.0,59.653,-41.792,1395.7,2.898,34.909,2
44150,26,669.0,58.967,-43.667,1499.9,2.9243,34.911,2
53309,31,560.0,59.93,-41.853,1492.6,3.0682,34.897,2
53393,31,564.0,59.787,-40.205,1010.4,3.0987,34.86,2
53394,31,564.0,59.787,-40.205,1212.7,3.0133,34.854,2
53395,31,564.0,59.787,-40.205,1413.9,2.9859,34.857,2
53416,31,565.0,59.705,-39.59,1194.9,3.0236,34.852,2
53417,31,565.0,59.705,-39.59,1195.2,3.0226,34.852,2
53438,31,567.0,59.505,-37.548,1308.3,2.9601,34.848,2
53461,31,568.0,59.402,-36.648,1371.6,3.0251,34.853,2
53486,31,569.0,59.335,-35.943000000000005,1485.8,3.0491,34.863,2
65208,37,488.0,43.148,-48.733000000000004,1401.0,3.0653,34.876999999999995,2
65250,38,493.0,55.24,-53.945,999.8,3.0238,34.863,2
65251,38,493.0,55.24,-53.945,1099.2,2.9744,34.861,2
65252,38,493.0,55.24,-53.945,1200.0,2.9258,34.859,2
65253,38,493.0,55.24,-53.945,1298.6,2.8892,34.858000000000004,2
65254,38,493.0,55.24,-53.945,1499.8,2.8321,34.866,2
65268,38,494.0,55.413000000000004,-53.827,799.1,3.0916,34.861999999999995,2
65269,38,494.0,55.413000000000004,-53.827,944.0,3.0132,34.858000000000004,2
65270,38,494.0,55.413000000000004,-53.827,1095.6,2.9271,34.853,2
65271,38,494.0,55.413000000000004,-53.827,1244.2,2.8678,34.85,2
65272,38,494.0,55.413000000000004,-53.827,1402.2,2.8284,34.849000000000004,2
65291,38,495.0,55.615,-53.608000000000004,799.3,3.0449,34.853,2
65292,38,495.0,55.615,-53.608000000000004,949.6,2.9234,34.844,2
65293,38,495.0,55.615,-53.608000000000004,1101.7,2.886,34.846,2
65294,38,495.0,55.615,-53.608000000000004,1350.3,2.8039,34.843,2
65311,38,496.0,55.843,-53.376999999999995,1460.8,2.7069,34.830999999999996,2
65312,38,496.0,55.843,-53.376999999999995,1462.7,2.7068,34.832,2
65313,38,496.0,55.843,-53.376999999999995,1464.6,2.7076,34.832,2
65314,38,496.0,55.843,-53.376999999999995,1467.2,2.7074,34.830999999999996,2
65315,38,496.0,55.843,-53.376999999999995,1469.9,2.7071,34.832,2
65316,38,496.0,55.843,-53.376999999999995,1471.4,2.708,34.832,2
65317,38,496.0,55.843,-53.376999999999995,1472.2,2.7089,34.832,2
65318,38,496.0,55.843,-53.376999999999995,1473.5,2.7088,34.832,2
65319,38,496.0,55.843,-53.376999999999995,1474.9,2.7087,34.832,2
65320,38,496.0,55.843,-53.376999999999995,1476.3,2.7086,34.832,2
65321,38,496.0,55.843,-53.376999999999995,1476.8,2.7086,34.833,2
65322,38,496.0,55.843,-53.376999999999995,1477.0,2.7085,34.832,2
65323,38,496.0,55.843,-53.376999999999995,1477.4,2.7095,34.832,2
65324,38,496.0,55.843,-53.376999999999995,1477.6,2.7085,34.832,2
65325,38,496.0,55.843,-53.376999999999995,1477.8,2.7095,34.833,2
65326,38,496.0,55.843,-53.376999999999995,1477.9,2.7085,34.832,2
65327,38,496.0,55.843,-53.376999999999995,1477.9,2.7085,34.832,2
65328,38,496.0,55.843,-53.376999999999995,1478.0,2.7094,34.832,2
65329,38,496.0,55.843,-53.376999999999995,1478.1,2.7085,34.832,2
65338,38,497.0,59.747,-49.175,788.9,3.0645,34.855,2
65339,38,497.0,59.747,-49.175,997.6,2.9238,34.848,2
65340,38,497.0,59.747,-49.175,1098.4,2.8674,34.844,2
65341,38,497.0,59.747,-49.175,1246.7,2.8162,34.842,2
65342,38,497.0,59.747,-49.175,1397.6,2.7575,34.838,2
65362,38,498.0,59.053000000000004,-49.97,697.5,3.0066,34.849000000000004,2
65363,38,498.0,59.053000000000004,-49.97,898.5,2.8637,34.841,2
65364,38,498.0,59.053000000000004,-49.97,1099.4,2.7811,34.836,2
65365,38,498.0,59.053000000000004,-49.97,1280.8,2.7382,34.834,2
65385,38,499.0,59.483000000000004,-49.453,799.4,3.0121,34.851,2
65386,38,499.0,59.483000000000004,-49.453,1000.7,2.9057,34.846,2
65387,38,499.0,59.483000000000004,-49.453,1201.5,2.8267,34.842,2
65388,38,499.0,59.483000000000004,-49.453,1400.5,2.7603,34.836999999999996,2
65407,38,500.0,59.992,-48.897,799.1,3.0588,34.861999999999995,2
65408,38,500.0,59.992,-48.897,999.3,2.9147,34.85,2
65409,38,500.0,59.992,-48.897,1199.4,2.8496,34.847,2
65410,38,500.0,59.992,-48.897,1401.6,2.778,34.841,2
65533,38,508.0,59.92,-41.86,1498.7,3.0773,34.881,2
65550,38,509.0,59.875,-41.497,1112.1,3.0725,34.87,2
65551,38,509.0,59.875,-41.497,1200.3,3.0288,34.867,2
65552,38,509.0,59.875,-41.497,1298.3,2.9684,34.864000000000004,2
65553,38,509.0,59.875,-41.497,1399.8,2.9255,34.869,2
65571,38,510.0,59.867,-41.223,1000.1,3.0555,34.868,2
65572,38,510.0,59.867,-41.223,1098.3,2.9933,34.864000000000004,2
65573,38,510.0,59.867,-41.223,1199.1,2.9427,34.86,2
65574,38,510.0,59.867,-41.223,1300.8,2.9108,34.859,2
65575,38,510.0,59.867,-41.223,1398.6,2.8919,34.859,2
65594,38,511.0,59.848,-40.891999999999996,1097.4,3.0677,34.87,2
65595,38,511.0,59.848,-40.891999999999996,1204.4,3.0186,34.867,2
65596,38,511.0,59.848,-40.891999999999996,1292.5,2.9778,34.864000000000004,2
65597,38,511.0,59.848,-40.891999999999996,1499.7,2.9389,34.875,2
65612,38,512.0,59.742,-40.062,597.7,3.0306,34.861,2
65613,38,512.0,59.742,-40.062,746.5,2.9493,34.855,2
65614,38,512.0,59.742,-40.062,898.2,2.8866,34.85,2
65615,38,512.0,59.742,-40.062,1047.6,2.8981,34.855,2
65616,38,512.0,59.742,-40.062,1200.5,2.8693,34.852,2
65617,38,512.0,59.742,-40.062,1345.9,2.8310000000000004,34.849000000000004,2
65618,38,512.0,59.742,-40.062,1496.0,2.7959,34.846,2
65636,38,513.0,59.647,-38.913000000000004,549.9,2.9474,34.85,2
65637,38,513.0,59.647,-38.913000000000004,699.2,2.9687,34.858000000000004,2
65638,38,513.0,59.647,-38.913000000000004,849.8,2.903,34.852,2
65639,38,513.0,59.647,-38.913000000000004,1000.2,2.8789,34.852,2
65641,38,513.0,59.647,-38.913000000000004,1400.7,2.8087,34.847,2
65661,38,514.0,59.523,-37.643,550.1,3.0937,34.863,2
65662,38,514.0,59.523,-37.643,699.7,3.0362,34.864000000000004,2
65663,38,514.0,59.523,-37.643,901.4,2.9499,34.858000000000004,2
65664,38,514.0,59.523,-37.643,1099.1,2.91,34.856,2
65665,38,514.0,59.523,-37.643,1298.8,2.8961,34.857,2
65666,38,514.0,59.523,-37.643,1499.4,2.8431,34.852,2
65688,38,515.0,59.391999999999996,-36.367,896.9,3.0981,34.876,2
65689,38,515.0,59.391999999999996,-36.367,1098.4,2.9408,34.858000000000004,2
65690,38,515.0,59.391999999999996,-36.367,1298.7,2.8853,34.853,2
65691,38,515.0,59.391999999999996,-36.367,1497.4,2.865,34.853,2
65711,38,516.0,59.257,-35.082,849.5,3.0203,34.86,2
65712,38,516.0,59.257,-35.082,999.9,2.9474,34.855,2
65713,38,516.0,59.257,-35.082,1200.2,2.8931,34.853,2
65714,38,516.0,59.257,-35.082,1398.6,2.8979,34.856,2
70866,42,254.0,52.35,-35.0,1397.0,3.0711,34.874,2
70913,42,256.0,51.35,-35.0,1497.4,3.0785,34.874,2
72695,43,333.0,43.088,-48.847,1473.6,3.0958,34.878,2
72718,43,334.0,43.14,-48.995,1199.3,3.0884,34.86,2
72719,43,334.0,43.14,-48.995,1300.5,3.0715,34.864000000000004,2
72720,43,334.0,43.14,-48.995,1464.1,3.0293,34.865,2
72761,44,339.0,52.95,-51.35,697.4,3.0832,34.846,2
72762,44,339.0,52.95,-51.35,897.6,2.8916,34.832,2
72763,44,339.0,52.95,-51.35,1197.3,2.8557,34.839,2
72764,44,339.0,52.95,-51.35,1497.4,2.8472,34.85,2
72784,44,341.0,55.33,-53.89,797.5,3.0261,34.84,2
72785,44,341.0,55.33,-53.89,998.8,2.9386,34.839,2
72786,44,341.0,55.33,-53.89,1098.0,2.9141,34.841,2
72787,44,341.0,55.33,-53.89,1198.3,2.8973,34.843,2
72788,44,341.0,55.33,-53.89,1297.6,2.92,34.853,2
72789,44,341.0,55.33,-53.89,1398.0,2.8693,34.852,2
72790,44,341.0,55.33,-53.89,1497.4,2.8264,34.849000000000004,2
72814,44,343.0,55.15,-54.06,1097.0,3.0519,34.855,2
72815,44,343.0,55.15,-54.06,1204.4,3.0523,34.863,2
72823,44,346.0,55.56,-53.67,996.8,3.0816,34.855,2
72824,44,346.0,55.56,-53.67,1196.3,2.9885,34.855,2
72825,44,346.0,55.56,-53.67,1398.0,2.9286,34.857,2
72843,44,347.0,55.97,-53.27,698.4,3.0602,34.836999999999996,2
72844,44,347.0,55.97,-53.27,888.5,2.9955,34.84,2
72845,44,347.0,55.97,-53.27,1099.0,2.9249,34.84,2
72846,44,347.0,55.97,-53.27,1297.6,2.9061,34.847,2
72847,44,347.0,55.97,-53.27,1495.3,2.8789999999999996,34.85,2
72865,44,348.0,57.38,-51.79,697.4,3.0275,34.83,2
72866,44,348.0,57.38,-51.79,898.6,2.963,34.833,2
72867,44,348.0,57.38,-51.79,1096.0,2.7982,34.82,2
72868,44,348.0,57.38,-51.79,1291.5,2.7552,34.816,2
72869,44,348.0,57.38,-51.79,1496.3,2.7495,34.816,2
72887,44,349.0,58.49,-50.56,697.4,3.0325,34.83,2
72888,44,349.0,58.49,-50.56,897.6,3.0147,34.839,2
72889,44,349.0,58.49,-50.56,1096.0,2.8894,34.830999999999996,2
72890,44,349.0,58.49,-50.56,1297.6,2.8626,34.834,2
72891,44,349.0,58.49,-50.56,1497.4,2.8976,34.846,2
72908,44,350.0,57.75,-49.95,598.3,3.0585,34.828,2
72909,44,350.0,57.75,-49.95,847.0,2.9927,34.83,2
72910,44,350.0,57.75,-49.95,1097.0,2.9092,34.834,2
72911,44,350.0,57.75,-49.95,1292.5,2.865,34.835,2
72912,44,350.0,57.75,-49.95,1497.4,2.8937,34.848,2
72929,44,351.0,57.0,-49.32,598.3,3.0167,34.829,2
72930,44,351.0,57.0,-49.32,898.6,2.9124,34.832,2
72931,44,351.0,57.0,-49.32,1147.7,2.8319,34.829,2
72932,44,351.0,57.0,-49.32,1398.0,2.8930000000000002,34.848,2
72952,44,352.0,56.27,-48.7,1196.3,3.0074,34.856,2
72953,44,352.0,56.27,-48.7,1397.0,2.9346,34.854,2
72971,44,353.0,55.55,-48.8,997.8,3.0914,34.864000000000004,2
72972,44,353.0,55.55,-48.8,1197.3,2.9914,34.86,2
72973,44,353.0,55.55,-48.8,1397.0,2.9237,34.858000000000004,2
72995,44,354.0,54.53,-49.12,1398.0,3.0166,34.859,2
73017,44,355.0,53.69,-49.44,1198.3,3.0706,34.861999999999995,2
73018,44,355.0,53.69,-49.44,1398.0,2.9741,34.857,2
73040,44,357.0,53.44,-50.07,1398.0,3.0186,34.861999999999995,2
73059,44,358.0,53.27,-50.55,799.5,3.0349,34.838,2
73060,44,358.0,53.27,-50.55,998.8,2.9792,34.843,2
73061,44,358.0,53.27,-50.55,1198.3,2.8992,34.841,2
73062,44,358.0,53.27,-50.55,1399.0,2.9087,34.852,2
73083,44,359.0,53.13,-50.9,1097.0,3.0212,34.855,2
73084,44,359.0,53.13,-50.9,1297.6,2.9289,34.854,2
73085,44,359.0,53.13,-50.9,1457.8,2.8633,34.85,2
73106,44,361.0,52.87,-51.51,797.5,3.0878,34.845,2
73107,44,361.0,52.87,-51.51,797.5,3.0858,34.846,2
73108,44,361.0,52.87,-51.51,897.6,3.0644,34.849000000000004,2
73109,44,361.0,52.87,-51.51,996.8,3.032,34.849000000000004,2
73110,44,361.0,52.87,-51.51,1097.0,2.9776,34.847,2
73111,44,361.0,52.87,-51.51,1197.3,2.9647,34.852,2
73112,44,361.0,52.87,-51.51,1197.3,2.9627,34.852,2
73113,44,361.0,52.87,-51.51,1298.6,2.9041,34.854,2
73114,44,361.0,52.87,-51.51,1398.0,2.8564,34.853,2
73115,44,361.0,52.87,-51.51,1496.3,2.8147,34.851,2
73126,44,362.0,53.04,-51.1,798.5,3.0966,34.854,2
73127,44,362.0,53.04,-51.1,948.2,3.0128,34.854,2
73128,44,362.0,53.04,-51.1,1097.0,2.9389,34.851,2
73129,44,362.0,53.04,-51.1,1247.9,2.9101,34.853,2
73130,44,362.0,53.04,-51.1,1397.0,2.8634,34.854,2
73148,44,363.0,52.97,-51.3,797.5,3.057,34.845,2
73149,44,363.0,52.97,-51.3,948.2,3.0277,34.85,2
73150,44,363.0,52.97,-51.3,1095.0,2.9222,34.846,2
73151,44,363.0,52.97,-51.3,1185.1,2.9231,34.851,2
73152,44,363.0,52.97,-51.3,1398.0,2.8337,34.85,2
73153,44,363.0,52.97,-51.3,1483.2,2.8078,34.849000000000004,2
73179,44,366.0,57.67,-56.53,1295.6,3.0241,34.863,2
73180,44,366.0,57.67,-56.53,1497.4,2.944,34.861999999999995,2
73197,44,367.0,57.11,-54.6,697.4,2.9997,34.830999999999996,2
73198,44,367.0,57.11,-54.6,896.6,2.989,34.842,2
73199,44,367.0,57.11,-54.6,1091.9,2.8897,34.836999999999996,2
73200,44,367.0,57.11,-54.6,1297.6,2.8586,34.839,2
73201,44,367.0,57.11,-54.6,1496.3,2.8809,34.85,2
73243,44,372.0,55.37,-53.82,897.6,3.0465,34.845,2
73244,44,372.0,55.37,-53.82,1098.0,2.9715,34.85,2
73245,44,372.0,55.37,-53.82,1297.6,2.9556,34.855,2
73246,44,372.0,55.37,-53.82,1297.6,2.9546,34.855,2
73247,44,372.0,55.37,-53.82,1497.4,2.8314,34.849000000000004,2
73261,44,373.0,55.7,-53.53,796.5,3.0958,34.843,2
73262,44,373.0,55.7,-53.53,997.8,2.9942,34.843,2
73263,44,373.0,55.7,-53.53,1197.3,2.9399,34.845,2
73264,44,373.0,55.7,-53.53,1397.0,2.9079,34.85,2
73265,44,373.0,55.7,-53.53,1496.3,2.8898,34.852,2
73282,44,374.0,56.57,-52.66,598.3,3.0784,34.829,2
73283,44,374.0,56.57,-52.66,797.5,3.0649,34.836999999999996,2
73284,44,374.0,56.57,-52.66,998.8,3.0069999999999997,34.842,2
73285,44,374.0,56.57,-52.66,1197.3,2.9558,34.845,2
73286,44,374.0,56.57,-52.66,1398.0,2.8939999999999997,34.843,2
73304,44,375.0,57.94,-51.17,697.4,2.8614,34.830999999999996,2
73305,44,375.0,57.94,-51.17,897.6,2.8449,34.833,2
73306,44,375.0,57.94,-51.17,1097.0,2.8586,34.839,2
73307,44,375.0,57.94,-51.17,1296.6,2.8647,34.846,2
73308,44,375.0,57.94,-51.17,1496.3,2.8216,34.845,2
73328,44,377.0,59.47,-49.5,795.4,3.076,34.835,2
73330,44,377.0,59.47,-49.5,1096.0,2.9905,34.842,2
73331,44,377.0,59.47,-49.5,1346.3,2.8874,34.839,2
73332,44,377.0,59.47,-49.5,1495.3,2.9037,34.848,2
73353,44,378.0,59.9,-49.0,1195.3,3.0976,34.87,2
73354,44,378.0,59.9,-49.0,1397.0,2.9712,34.861999999999995,2
73423,44,381.0,59.05,-43.5,1195.3,3.0768,34.874,2
73424,44,381.0,59.05,-43.5,1195.3,3.0758,34.874,2
73425,44,381.0,59.05,-43.5,1397.0,2.9168,34.868,2
73426,44,381.0,59.05,-43.5,1398.0,2.9167,34.868,2
73441,44,382.0,58.67,-43.5,995.8,2.9527,34.857,2
73444,44,382.0,58.67,-43.5,1397.0,2.8031,34.852,2
73459,44,383.0,58.44,-43.51,1097.0,3.0559,34.868,2
73460,44,383.0,58.44,-43.51,1099.0,3.0597,34.868,2
73461,44,383.0,58.44,-43.51,1341.2,2.9075,34.858000000000004,2
73462,44,383.0,58.44,-43.51,1492.3,2.8367,34.855,2
73483,44,384.0,58.2,-43.5,1097.0,2.9954,34.859,2
73484,44,384.0,58.2,-43.5,1296.6,2.8983,34.853,2
73485,44,384.0,58.2,-43.5,1497.4,2.8116,34.847,2
73501,44,385.0,57.97,-43.5,598.3,3.0147,34.827,2
73502,44,385.0,57.97,-43.5,797.5,2.9874,34.829,2
73503,44,385.0,57.97,-43.5,797.5,2.9874,34.829,2
73504,44,385.0,57.97,-43.5,1097.0,3.0083,34.853,2
73505,44,385.0,57.97,-43.5,1097.0,3.0083,34.852,2
73506,44,385.0,57.97,-43.5,1296.6,2.927,34.85,2
73507,44,385.0,57.97,-43.5,1447.7,2.8691,34.847,2
73523,44,386.0,57.63,-43.5,598.3,2.9659,34.826,2
73524,44,386.0,57.63,-43.5,798.5,3.0449,34.853,2
73525,44,386.0,57.63,-43.5,996.8,2.9566,34.85,2
73526,44,386.0,57.63,-43.5,1197.3,2.8805,34.847,2
73527,44,386.0,57.63,-43.5,1395.9,2.821,34.844,2
73547,44,387.0,57.17,-43.5,997.8,3.014,34.855,2
73548,44,387.0,57.17,-43.5,1197.3,2.9152,34.85,2
73549,44,387.0,57.17,-43.5,1397.0,2.8575,34.849000000000004,2
73568,44,388.0,56.66,-43.5,838.9,3.0489,34.856,2
73569,44,388.0,56.66,-43.5,1098.0,2.9289,34.851,2
73570,44,388.0,56.66,-43.5,1296.6,2.8518,34.845,2
73571,44,388.0,56.66,-43.5,1497.4,2.8077,34.844,2
73590,44,389.0,55.97,-43.5,698.4,2.9479,34.82,2
73591,44,389.0,55.97,-43.5,897.6,3.0703,34.853,2
73592,44,389.0,55.97,-43.5,1097.0,2.9558,34.848,2
73593,44,389.0,55.97,-43.5,1297.6,2.8745,34.844,2
73594,44,389.0,55.97,-43.5,1398.0,2.8426,34.843,2
73613,44,390.0,55.27,-43.5,998.8,2.9991,34.852,2
73614,44,390.0,55.27,-43.5,1291.5,2.9126,34.854,2
73615,44,390.0,55.27,-43.5,1394.9,2.8359,34.847,2
73616,44,390.0,55.27,-43.5,1497.4,2.8017,34.844,2
73636,44,391.0,54.57,-43.5,1297.6,3.0031,34.863,2
73637,44,391.0,54.57,-43.5,1496.3,2.9174,34.86,2
73659,44,392.0,53.87,-43.5,1399.0,3.0571,34.867,2
73681,44,393.0,53.17,-43.5,1297.6,3.0873,34.868,2
73682,44,393.0,53.17,-43.5,1497.4,2.952,34.859,2
73704,44,394.0,52.47,-43.5,1498.4,3.0398,34.861999999999995,2
73725,44,395.0,52.0,-43.5,1499.4,3.0823,34.868,2
73746,44,396.0,51.5,-43.5,1398.0,3.0819,34.867,2
73856,44,401.0,49.26,-44.25,1096.0,3.054,34.848,2
73857,44,401.0,49.26,-44.25,1197.3,3.0281,34.85,2
73858,44,401.0,49.26,-44.25,1296.6,2.9844,34.853,2
73859,44,401.0,49.26,-44.25,1398.0,2.9543,34.853,2
73860,44,401.0,49.26,-44.25,1497.4,2.9174,34.853,2
73881,44,402.0,48.86,-44.65,699.4,3.096,34.843,2
73882,44,402.0,48.86,-44.65,699.4,3.096,34.843,2
73883,44,402.0,48.86,-44.65,798.5,3.0996,34.852,2
73884,44,402.0,48.86,-44.65,798.5,3.0926,34.851,2
73885,44,402.0,48.86,-44.65,898.6,3.0395,34.852,2
73886,44,402.0,48.86,-44.65,998.8,3.0039999999999996,34.853,2
73887,44,402.0,48.86,-44.65,1099.0,2.9893,34.858000000000004,2
73888,44,402.0,48.86,-44.65,1198.3,2.9289,34.855,2
73889,44,402.0,48.86,-44.65,1347.3,2.8704,34.854,2
73890,44,402.0,48.86,-44.65,1464.9,2.8568,34.854,2
73899,44,403.0,49.07,-44.43,699.4,3.082,34.84,2
73900,44,403.0,49.07,-44.43,798.5,3.0529,34.844,2
73901,44,403.0,49.07,-44.43,897.6,3.0584,34.852,2
73902,44,403.0,49.07,-44.43,1099.0,2.9962,34.855,2
73903,44,403.0,49.07,-44.43,1198.3,2.9587,34.854,2
73904,44,403.0,49.07,-44.43,1298.6,2.915,34.853,2
73905,44,403.0,49.07,-44.43,1398.0,2.8623,34.852,2
73906,44,403.0,49.07,-44.43,1496.3,2.8255,34.851,2
74034,44,410.0,51.34,-35.0,1497.4,3.0775,34.872,2
74055,44,411.0,51.67,-35.0,1498.4,3.0715,34.874,2
74075,44,413.0,52.1,-35.0,1498.4,3.0665,34.873000000000005,2
74096,44,415.0,52.38,-35.0,1392.9,3.0685,34.87,2
74128,44,418.0,52.64,-35.02,1397.0,2.985,34.876999999999995,2
74477,44,439.0,57.2,-37.05,1496.3,3.0005,34.87,2
74489,44,440.0,57.38,-37.4,1292.5,3.0273,34.869,2
74490,44,440.0,57.38,-37.4,1397.0,2.9504,34.863,2
74491,44,440.0,57.38,-37.4,1494.3,2.9255,34.863,2
74509,44,441.0,57.55,-37.75,1447.7,2.9482,34.868,2
74530,44,442.0,57.9,-38.43,1097.0,3.0678,34.859,2
74531,44,442.0,57.9,-38.43,1247.9,2.9785,34.857,2
74532,44,442.0,57.9,-38.43,1397.0,2.8989999999999996,34.851,2
74533,44,442.0,57.9,-38.43,1497.4,2.866,34.849000000000004,2
74552,44,443.0,58.23,-39.1,1098.0,3.0409,34.865,2
74553,44,443.0,58.23,-39.1,1247.9,2.9388,34.858000000000004,2
74554,44,443.0,58.23,-39.1,1397.0,2.8565,34.849000000000004,2
74555,44,443.0,58.23,-39.1,1497.4,2.8284,34.847,2
74572,44,444.0,58.57,-39.75,796.5,3.0928,34.853,2
74573,44,444.0,58.57,-39.75,996.8,3.0637,34.863,2
74574,44,444.0,58.57,-39.75,1147.7,2.9805,34.859,2
74575,44,444.0,58.57,-39.75,1297.6,2.9189999999999996,34.856,2
74576,44,444.0,58.57,-39.75,1397.0,2.8832,34.854,2
74599,44,445.0,58.82,-40.25,1097.0,2.9964,34.858000000000004,2
74600,44,445.0,58.82,-40.25,1247.9,2.925,34.854,2
74601,44,445.0,58.82,-40.25,1395.9,2.8734,34.851,2
74620,44,446.0,59.03,-40.65,996.8,3.0091,34.861,2
74621,44,446.0,59.03,-40.65,1247.9,2.8596,34.848,2
74622,44,446.0,59.03,-40.65,1395.9,2.8299,34.848,2
74643,44,447.0,59.22,-41.05,1097.0,3.0103,34.861999999999995,2
74644,44,447.0,59.22,-41.05,1292.5,2.8966,34.854,2
74645,44,447.0,59.22,-41.05,1447.7,2.8325,34.849000000000004,2
74669,44,448.0,59.4,-41.43,1297.6,2.9368,34.859,2
74670,44,448.0,59.4,-41.43,1446.7,2.8544,34.854,2
74685,44,449.0,59.59,-41.83,1146.6,2.9657,34.869,2
74686,44,449.0,59.59,-41.83,1297.6,2.8714,34.872,2
74694,44,450.0,59.71,-42.12,1196.3,2.9875,34.871,2
74695,44,450.0,59.71,-42.12,1346.3,2.821,34.872,2
75475,45,508.0,59.931999999999995,-41.85,1302.0,3.0913,34.874,2
75476,45,508.0,59.931999999999995,-41.85,1399.4,2.9499,34.867,2
75477,45,508.0,59.931999999999995,-41.85,1496.5,2.8625,34.87,2
75493,45,509.0,59.902,-41.512,1101.0,3.0743,34.868,2
75494,45,509.0,59.902,-41.512,1200.8,2.9461,34.859,2
75495,45,509.0,59.902,-41.512,1300.2,2.8559,34.852,2
75496,45,509.0,59.902,-41.512,1400.8,2.8112,34.848,2
75514,45,510.0,59.865,-41.2,1100.7,2.9986,34.863,2
75515,45,510.0,59.865,-41.2,1200.5,2.9252,34.856,2
75516,45,510.0,59.865,-41.2,1301.0,2.8599,34.851,2
75517,45,510.0,59.865,-41.2,1402.8,2.8093,34.848,2
75535,45,511.0,59.818000000000005,-40.751999999999995,1100.1,3.0136,34.865,2
75536,45,511.0,59.818000000000005,-40.751999999999995,1201.4,2.9401,34.859,2
75537,45,511.0,59.818000000000005,-40.751999999999995,1283.0,2.9011,34.857,2
75556,45,512.0,59.765,-40.218,1200.1,2.9831,34.86,2
75557,45,512.0,59.765,-40.218,1400.0,2.8748,34.853,2
75574,45,513.0,59.683,-39.397,900.5,3.0907,34.864000000000004,2
75575,45,513.0,59.683,-39.397,1000.8,3.04,34.864000000000004,2
75576,45,513.0,59.683,-39.397,1200.4,2.9254,34.857,2
75577,45,513.0,59.683,-39.397,1400.5,2.8475,34.851,2
75597,45,514.0,59.6,-38.597,1200.7,2.9624,34.857,2
75598,45,514.0,59.6,-38.597,1401.3,2.8872,34.854,2
75599,45,514.0,59.6,-38.597,1499.4,2.8689,34.855,2
75638,45,515.0,59.515,-37.618,1400.9,3.0314,34.866,2
75639,45,515.0,59.515,-37.618,1499.7,2.9486,34.859,2
75660,45,516.0,59.417,-36.652,1399.7,2.9719,34.861999999999995,2
75661,45,516.0,59.417,-36.652,1499.7,2.9172,34.857,2
75681,45,517.0,59.335,-35.68,1300.4,3.0259,34.864000000000004,2
75682,45,517.0,59.335,-35.68,1500.0,2.9021,34.855,2
77277,46,351.0,52.5,-35.0,1499.3,3.0318,34.885,2
77297,46,353.0,52.693999999999996,-35.001,1399.8,3.0283,34.88,2
78177,47,404.0,52.942,-51.266999999999996,1396.6,2.9861,34.861999999999995,2
78193,47,407.0,53.123000000000005,-50.867,1416.0,3.0043,34.861999999999995,2
78207,47,408.0,52.902,-51.43899999999999,1215.3,3.0791,34.864000000000004,2
78208,47,408.0,52.902,-51.43899999999999,1215.4,3.0791,34.864000000000004,2
78209,47,408.0,52.902,-51.43899999999999,1215.6,3.0791,34.864000000000004,2
78210,47,408.0,52.902,-51.43899999999999,1215.6,3.0791,34.864000000000004,2
78211,47,408.0,52.902,-51.43899999999999,1215.7,3.0791,34.864000000000004,2
78212,47,408.0,52.902,-51.43899999999999,1215.7,3.0791,34.864000000000004,2
78228,47,409.0,53.037,-51.067,1298.8,3.0812,34.867,2
78229,47,409.0,53.037,-51.067,1492.8,2.9345,34.861999999999995,2
78246,47,411.0,53.21,-50.668,1397.5,2.9949,34.86,2
78270,47,412.0,53.3,-50.458,1314.9,3.0443,34.865,2
78334,47,415.0,53.586999999999996,-49.708,1497.4,3.0261,34.866,2
78356,47,416.0,53.692,-49.433,1490.1,3.085,34.87,2
78400,47,419.0,54.467,-49.417,1395.9,3.0673,34.865,2
78422,47,420.0,55.1,-49.833,1416.4,3.0359,34.865,2
78444,47,421.0,55.754,-50.247,1396.9,3.0978,34.871,2
78488,47,423.0,57.016999999999996,-51.067,1493.7,3.062,34.861,2
78512,47,424.0,57.672,-51.473,1494.1,3.0906,34.863,2
78531,47,425.0,57.301,-51.868,1497.5,3.0251,34.86,2
78623,47,430.0,56.085,-53.118,1417.8,3.0466,34.861999999999995,2
78647,47,431.0,55.927,-53.272,1497.8,3.0181,34.865,2
78666,47,432.0,55.77,-53.428000000000004,1499.0,2.9963,34.863,2
78689,47,433.0,55.455,-53.727,1397.3,3.0108,34.861999999999995,2
78788,47,438.0,55.342,-53.849,1397.9,3.0542,34.868,2
78832,47,440.0,56.45,-55.133,1496.1,3.0371,34.868,2
78892,47,443.0,57.0,-55.934,1415.6,2.9983,34.867,2
78915,47,444.0,57.408,-56.606,1400.0,2.9047,34.868,2
79679,47,486.0,46.333999999999996,-43.214,1497.6,3.0953,34.868,2
79734,47,490.0,46.555,-43.605,1246.6,3.0736,34.868,2
79750,47,491.0,46.61,-43.706,1298.3,2.9853,34.864000000000004,2
79774,47,492.0,46.667,-43.817,1163.6,3.0724,34.866,2
79775,47,492.0,46.667,-43.817,1416.4,2.9271,34.864000000000004,2
79814,47,495.0,48.592,-44.766999999999996,1081.3,3.0878,34.867,2
79820,47,496.0,48.662,-44.57,1347.5,2.9901,34.865,2
79821,47,496.0,48.662,-44.57,1442.3,2.9496,34.864000000000004,2
79827,47,497.0,48.733000000000004,-44.375,1297.3,2.9576,34.863,2
79828,47,497.0,48.733000000000004,-44.375,1499.6,2.8806,34.865,2
79838,47,498.0,48.808,-44.178000000000004,1297.4,2.9774,34.864000000000004,2
79839,47,498.0,48.808,-44.178000000000004,1497.0,2.8719,34.863,2
79848,47,499.0,48.85,-44.068999999999996,1417.3,2.928,34.863,2
79858,47,500.0,48.893,-43.961000000000006,1263.4,3.095,34.867,2
79878,47,502.0,48.986000000000004,-43.72,1399.4,3.0907,34.867,2
80065,48,514.0,59.928999999999995,-41.852,1401.8,3.0361,34.895,2
80066,48,514.0,59.928999999999995,-41.852,1500.0,2.9651,34.891,2
80071,48,515.0,59.9,-41.513000000000005,1353.2,3.0065,34.894,2
80072,48,515.0,59.9,-41.513000000000005,1451.5,2.9079,34.891,2
80081,48,516.0,59.868,-41.203,1202.2,3.0996,34.894,2
80082,48,516.0,59.868,-41.203,1328.5,2.9573,34.887,2
80083,48,516.0,59.868,-41.203,1414.8,2.9135,34.889,2
80096,48,517.0,59.816,-40.762,1303.4,3.0229,34.885999999999996,2
80097,48,517.0,59.816,-40.762,1303.9,3.0224,34.884,2
80118,48,518.0,59.766999999999996,-40.214,1351.4,3.0122,34.883,2
80135,48,519.0,59.685,-39.398,1301.0,3.0498,34.881,2
80136,48,519.0,59.685,-39.398,1451.1,2.9699,34.876999999999995,2
80158,48,520.0,59.601000000000006,-38.597,1403.3,3.0469999999999997,34.884,2
80181,48,521.0,59.516999999999996,-37.621,1402.5,3.0583,34.881,2
80988,49,73.0,43.038000000000004,-48.84,1490.4,3.0947,34.874,2
81419,49,102.0,48.85,-43.967,1397.6,2.9804,34.869,2
81441,49,104.0,48.75,-44.3,1205.9,3.0894,34.872,2
81442,49,104.0,48.75,-44.3,1312.9,2.9835,34.868,2
81443,49,104.0,48.75,-44.3,1413.4,2.9221,34.87,2
81460,49,105.0,48.633,-44.583,1344.9,3.0019,34.872,2
81974,50,173.0,59.61600000000001,-39.0,1499.9,3.0446,34.878,2
82032,50,177.0,59.86600000000001,-41.166000000000004,1349.6,3.0304,34.88,2
82033,50,177.0,59.86600000000001,-41.166000000000004,1499.6,2.8861,34.882,2
82053,50,179.0,59.931000000000004,-41.839,1401.0,2.9756,34.883,2
93031,56,585.0,47.0,-43.333999999999996,1491.1,3.0927,34.88,2
93032,56,585.0,47.0,-43.333999999999996,1491.3,3.0924,34.88,2
93791,57,634.0,48.849,-43.966,1398.6,3.0972,34.882,2
93792,57,634.0,48.849,-43.966,1495.8,3.0225,34.883,2
93809,57,635.0,48.751000000000005,-44.308,1399.8,3.0802,34.883,2
106523,151,3.0,47.571999999999996,-43.637,769.1,3.0088,34.843,2
106524,151,3.0,47.571999999999996,-43.637,985.6,2.9962,34.851,2
106530,151,4.0,47.723,-43.325,952.9,2.9981,34.838,2
106531,151,4.0,47.723,-43.325,1215.2,2.9992,34.851,2
106532,151,4.0,47.723,-43.325,1487.4,2.9137,34.847,2
106545,151,5.0,47.933,-42.897,959.7,3.0356,34.842,2
106546,151,5.0,47.933,-42.897,1237.7,3.0141,34.852,2
106564,151,6.0,48.196000000000005,-42.236000000000004,1493.4,3.0611,34.855,2
106815,151,20.0,50.827,-43.755,1485.2,3.0307,34.86,2
106834,151,21.0,50.538999999999994,-44.431000000000004,1222.8,3.0996,34.881,2
106871,151,23.0,50.123000000000005,-45.39,1237.2,3.06,34.859,2
106899,151,25.0,51.24,-49.898,693.4,2.9410000000000003,34.841,2
106900,151,25.0,51.24,-49.898,837.3,2.8796,34.845,2
106906,151,26.0,51.372,-49.618,679.0,2.9725,34.842,2
106907,151,26.0,51.372,-49.618,959.5,2.9117,34.836999999999996,2
106908,151,26.0,51.372,-49.618,1226.7,2.8642,34.842,2
106909,151,26.0,51.372,-49.618,1405.2,2.8592,34.847,2
106919,151,27.0,51.575,-49.175,612.4,2.915,34.84,2
106920,151,27.0,51.575,-49.175,822.8,2.8956,34.836999999999996,2
106921,151,27.0,51.575,-49.175,1017.8,2.8314,34.834,2
106922,151,27.0,51.575,-49.175,1201.6,2.8162,34.836,2
106923,151,27.0,51.575,-49.175,1456.5,2.7906,34.835,2
106938,151,28.0,51.818999999999996,-48.605,931.2,2.9554,34.834,2
106939,151,28.0,51.818999999999996,-48.605,1194.4,2.9411,34.833,2
106940,151,28.0,51.818999999999996,-48.605,1453.0,2.8931,34.844,2
106957,151,29.0,52.115,-47.946000000000005,1121.4,3.0792,34.85,2
106958,151,29.0,52.115,-47.946000000000005,1366.9,3.0331,34.851,2
106978,151,30.0,52.402,-47.276,1356.8,3.0118,34.857,2
106998,151,31.0,52.676,-46.593,1302.5,3.0718,34.854,2
107017,151,32.0,52.935,-45.955,1100.6,3.0183,34.838,2
107018,151,32.0,52.935,-45.955,1328.9,3.0168,34.839,2
107036,151,33.0,53.228,-45.263999999999996,836.4,3.0585,34.830999999999996,2
107037,151,33.0,53.228,-45.263999999999996,1057.5,2.9451,34.828,2
107038,151,33.0,53.228,-45.263999999999996,1317.2,2.8764,34.830999999999996,2
107069,151,36.0,55.108000000000004,-54.13,502.3,3.0361,34.84,2
107070,151,36.0,55.108000000000004,-54.13,601.5,2.9619,34.834,2
107071,151,36.0,55.108000000000004,-54.13,808.4,2.9227,34.839,2
107072,151,36.0,55.108000000000004,-54.13,925.5,2.9522,34.845,2
107078,151,37.0,55.261,-53.975,605.2,2.9198,34.832,2
107079,151,37.0,55.261,-53.975,807.1,2.9241,34.836999999999996,2
107080,151,37.0,55.261,-53.975,1008.2,2.8792,34.841,2
107081,151,37.0,55.261,-53.975,1213.6,2.8447,34.838,2
107082,151,37.0,55.261,-53.975,1413.2,2.8243,34.843,2
107092,151,38.0,55.41,-53.808,608.3,2.9524,34.855,2
107093,151,38.0,55.41,-53.808,808.7,3.0014,34.871,2
107094,151,38.0,55.41,-53.808,1012.5,3.0011,34.891999999999996,2
107095,151,38.0,55.41,-53.808,1215.7,2.9349,34.903,2
107096,151,38.0,55.41,-53.808,1412.7,2.8397,34.907,2
107108,151,39.0,55.613,-53.648,594.3,2.9088,34.834,2
107109,151,39.0,55.613,-53.648,782.5,2.8534,34.835,2
107110,151,39.0,55.613,-53.648,978.5,2.7894,34.834,2
107111,151,39.0,55.613,-53.648,1182.3,2.7894,34.835,2
107112,151,39.0,55.613,-53.648,1393.4,2.7845,34.836,2
107126,151,40.0,55.841,-53.397,608.1,2.8732,34.836,2
107127,151,40.0,55.841,-53.397,809.7,2.8358,34.835,2
107128,151,40.0,55.841,-53.397,1008.4,2.8085,34.836,2
107129,151,40.0,55.841,-53.397,1210.8,2.7976,34.834,2
107130,151,40.0,55.841,-53.397,1400.7,2.7933,34.84,2
107145,151,41.0,56.115,-53.117,605.9,2.8622,34.842,2
107146,151,41.0,56.115,-53.117,805.7,2.8143,34.835,2
107147,151,41.0,56.115,-53.117,1006.8,2.8108,34.834,2
107148,151,41.0,56.115,-53.117,1211.9,2.8099,34.835,2
107149,151,41.0,56.115,-53.117,1416.2,2.7952,34.836999999999996,2
107164,151,42.0,56.527,-52.695,608.6,2.8066,34.832,2
107165,151,42.0,56.527,-52.695,810.8,2.8208,34.824,2
107166,151,42.0,56.527,-52.695,1012.2,2.7975,34.836,2
107167,151,42.0,56.527,-52.695,1212.4,2.7838,34.833,2
107168,151,42.0,56.527,-52.695,1414.9,2.7755,34.833,2
107184,151,43.0,56.95,-52.238,604.9,2.8785,34.836999999999996,2
107185,151,43.0,56.95,-52.238,805.1,2.8328,34.833,2
107186,151,43.0,56.95,-52.238,1006.6,2.7978,34.841,2
107187,151,43.0,56.95,-52.238,1207.7,2.7878,34.834,2
107188,151,43.0,56.95,-52.238,1407.9,2.779,34.835,2
107204,151,44.0,57.373999999999995,-51.787,596.5,2.8116,34.829,2
107205,151,44.0,57.373999999999995,-51.787,803.5,2.7918,34.829,2
107206,151,44.0,57.373999999999995,-51.787,1000.3,2.7891,34.83,2
107207,151,44.0,57.373999999999995,-51.787,1194.2,2.7878,34.832,2
107208,151,44.0,57.373999999999995,-51.787,1395.0,2.7842,34.832,2
107227,151,45.0,57.788000000000004,-51.336000000000006,506.5,2.9034,34.84,2
107228,151,45.0,57.788000000000004,-51.336000000000006,608.2,2.8752,34.84,2
107229,151,45.0,57.788000000000004,-51.336000000000006,707.1,2.8336,34.834,2
107230,151,45.0,57.788000000000004,-51.336000000000006,799.2,2.8326,34.836,2
107231,151,45.0,57.788000000000004,-51.336000000000006,889.3,2.8013,34.833,2
107232,151,45.0,57.788000000000004,-51.336000000000006,991.3,2.8054,34.834,2
107233,151,45.0,57.788000000000004,-51.336000000000006,1101.2,2.7908,34.833,2
107234,151,45.0,57.788000000000004,-51.336000000000006,1204.4,2.7837,34.833,2
107235,151,45.0,57.788000000000004,-51.336000000000006,1306.8,2.7821,34.833,2
107236,151,45.0,57.788000000000004,-51.336000000000006,1408.6,2.7739999999999996,34.833,2
107266,151,51.0,55.985,-53.238,501.6,2.8742,34.835,2
107267,151,51.0,55.985,-53.238,606.7,2.8639,34.836,2
107268,151,51.0,55.985,-53.238,708.7,2.8361,34.834,2
107269,151,51.0,55.985,-53.238,810.1,2.826,34.834,2
107270,151,51.0,55.985,-53.238,910.1,2.8311,34.836,2
107271,151,51.0,55.985,-53.238,1010.4,2.805,34.834,2
107272,151,51.0,55.985,-53.238,1111.4,2.8001,34.834,2
107273,151,51.0,55.985,-53.238,1213.1,2.7886,34.834,2
107274,151,51.0,55.985,-53.238,1314.7,2.7876,34.834,2
107275,151,51.0,55.985,-53.238,1415.9,2.786,34.834,2
107306,151,52.0,51.687,-48.876000000000005,593.7,2.9741,34.83,2
107307,151,52.0,51.687,-48.876000000000005,684.6,2.9437,34.84,2
107308,151,52.0,51.687,-48.876000000000005,784.7,2.9046,34.84,2
107309,151,52.0,51.687,-48.876000000000005,893.4,2.873,34.841,2
107310,151,52.0,51.687,-48.876000000000005,979.2,2.8272,34.835,2
107311,151,52.0,51.687,-48.876000000000005,1069.4,2.8191,34.836,2
107312,151,52.0,51.687,-48.876000000000005,1152.8,2.815,34.836,2
107313,151,52.0,51.687,-48.876000000000005,1251.6,2.8022,34.835,2
107314,151,52.0,51.687,-48.876000000000005,1367.8,2.7939,34.836999999999996,2
107315,151,52.0,51.687,-48.876000000000005,1466.9,2.7887,34.839,2
108195,153,10.0,55.248000000000005,-53.97,920.91,3.0112,34.855,2
108196,153,10.0,55.248000000000005,-53.97,1164.8,2.8537,34.845,2
108197,153,10.0,55.248000000000005,-53.97,1373.8,2.8331,34.85,2
108207,153,11.0,55.417,-53.828,723.54,3.0629,34.859,2
108208,153,11.0,55.417,-53.828,912.51,2.9195,34.847,2
108209,153,11.0,55.417,-53.828,1138.9,2.8312,34.847,2
108210,153,11.0,55.417,-53.828,1336.1,2.7616,34.844,2
108224,153,12.0,55.607,-53.617,791.41,3.0834,34.859,2
108225,153,12.0,55.607,-53.617,977.99,2.9308,34.85,2
108226,153,12.0,55.607,-53.617,1173.6,2.8596,34.843,2
108227,153,12.0,55.607,-53.617,1378.5,2.8064,34.843,2
108245,153,13.0,55.846000000000004,-53.393,1170.9,3.0372,34.86,2
108246,153,13.0,55.846000000000004,-53.393,1361.4,2.9556,34.859,2
108262,153,14.0,56.117,-53.129,598.61,2.8289999999999997,34.836999999999996,2
108263,153,14.0,56.117,-53.129,807.95,2.7803,34.838,2
108264,153,14.0,56.117,-53.129,1010.6,2.7297,34.836,2
108265,153,14.0,56.117,-53.129,1212.9,2.7195,34.836999999999996,2
108266,153,14.0,56.117,-53.129,1409.5,2.7144,34.838,2
108282,153,15.0,56.552,-52.687,587.11,2.8001,34.835,2
108283,153,15.0,56.552,-52.687,788.45,2.7624,34.836,2
108284,153,15.0,56.552,-52.687,984.2,2.7396,34.836,2
108285,153,15.0,56.552,-52.687,1166.0,2.7333,34.836999999999996,2
108286,153,15.0,56.552,-52.687,1357.1,2.7171,34.834,2
108302,153,16.0,56.964,-52.231,604.76,2.8062,34.836999999999996,2
108303,153,16.0,56.964,-52.231,800.6,2.77,34.839,2
108304,153,16.0,56.964,-52.231,1004.3,2.7387,34.836999999999996,2
108305,153,16.0,56.964,-52.231,1207.0,2.7238,34.836,2
108322,153,17.0,57.376000000000005,-51.79,601.44,2.9356,34.843,2
108323,153,17.0,57.376000000000005,-51.79,784.11,2.8864,34.846,2
108324,153,17.0,57.376000000000005,-51.79,1193.3,2.7466,34.834,2
108325,153,17.0,57.376000000000005,-51.79,1398.0,2.7422,34.836999999999996,2
108342,153,18.0,57.79,-51.345,602.52,2.843,34.836,2
108343,153,18.0,57.79,-51.345,808.93,2.7809,34.835,2
108344,153,18.0,57.79,-51.345,1215.7,2.7234,34.836,2
108345,153,18.0,57.79,-51.345,1416.5,2.7068,34.835,2
108362,153,19.0,58.221000000000004,-50.89,592.82,2.8486,34.839,2
108363,153,19.0,58.221000000000004,-50.89,893.64,2.7762,34.838,2
108364,153,19.0,58.221000000000004,-50.89,1196.0,2.7306,34.836999999999996,2
108365,153,19.0,58.221000000000004,-50.89,1394.6,2.7233,34.839,2
108382,153,20.0,58.648999999999994,-50.408,606.37,2.8639,34.841,2
108383,153,20.0,58.648999999999994,-50.408,906.28,2.7755,34.830999999999996,2
108384,153,20.0,58.648999999999994,-50.408,1206.7,2.7305,34.835,2
108402,153,21.0,59.059,-49.946999999999996,695.07,2.9248,34.845,2
108403,153,21.0,59.059,-49.946999999999996,1001.8,2.8193,34.836999999999996,2
108404,153,21.0,59.059,-49.946999999999996,1198.3,2.7719,34.835,2
108405,153,21.0,59.059,-49.946999999999996,1390.7,2.7426,34.836,2
108422,153,22.0,59.48,-49.474,600.14,2.8680000000000003,34.839,2
108423,153,22.0,59.48,-49.474,880.27,2.7852,34.835,2
108424,153,22.0,59.48,-49.474,1185.6,2.7426,34.836,2
108425,153,22.0,59.48,-49.474,1389.2,2.7275,34.838,2
108443,153,23.0,59.751999999999995,-49.176,800.22,3.0294,34.858000000000004,2
108444,153,23.0,59.751999999999995,-49.176,1096.6,2.8839,34.865,2
108445,153,23.0,59.751999999999995,-49.176,1292.7,2.8028,34.846,2
108446,153,23.0,59.751999999999995,-49.176,1482.5,2.7765,34.844,2
108464,153,24.0,59.965,-48.891999999999996,997.29,2.9571,34.853,2
108465,153,24.0,59.965,-48.891999999999996,1198.5,2.8389,34.844,2
108466,153,24.0,59.965,-48.891999999999996,1487.4,2.7801,34.844,2
109243,154,39.0,43.032,-48.493,1398.3,3.0435,34.867,2
109260,154,40.0,43.083999999999996,-48.913999999999994,1093.3,3.0622,34.86,2
109261,154,40.0,43.083999999999996,-48.913999999999994,1293.7,3.0764,34.876,2
109262,154,40.0,43.083999999999996,-48.913999999999994,1492.7,2.9541,34.865,2
109323,154,48.0,45.486000000000004,-47.81100000000001,1192.7,3.0314,34.858000000000004,2
109324,154,48.0,45.486000000000004,-47.81100000000001,1402.9,2.8868,34.84,2
109338,154,49.0,45.339,-47.632,1453.1,2.9847,34.864000000000004,2
109357,154,50.0,45.172,-47.46,1394.5,2.9806,34.861999999999995,2
109371,154,51.0,44.849,-47.098,1314.7,3.0623,34.863,2
109372,154,51.0,44.849,-47.098,1473.0,3.0985,34.884,2
109392,154,52.0,44.535,-46.751000000000005,1204.3,3.0659,34.869,2
109393,154,52.0,44.535,-46.751000000000005,1398.0,2.9599,34.867,2
109411,154,53.0,44.4,-46.028999999999996,1402.3,3.0345,34.864000000000004,2
109774,154,71.0,46.633,-43.433,1415.0,2.9711,34.863,2
109790,154,72.0,46.778999999999996,-43.605,998.4,2.9578,34.849000000000004,2
109791,154,72.0,46.778999999999996,-43.605,1203.1,2.8574,34.848,2
109792,154,72.0,46.778999999999996,-43.605,1406.0,2.7877,34.848,2
109804,154,73.0,46.902,-43.751000000000005,601.4,3.0732,34.844,2
109805,154,73.0,46.902,-43.751000000000005,677.2,2.8396,34.852,2
109806,154,73.0,46.902,-43.751000000000005,735.9,2.8356,34.858000000000004,2
109859,154,85.0,47.049,-46.986999999999995,1137.6,2.8833,34.853,2
109866,154,86.0,47.052,-46.751000000000005,1103.4,2.9165,34.852,2
109867,154,86.0,47.052,-46.751000000000005,1157.3,2.8369,34.808,2
109876,154,88.0,47.051,-43.68,604.9,3.0904,34.857,2
109877,154,88.0,47.051,-43.68,712.2,2.832,34.857,2
109882,154,89.0,47.051,-43.434,594.7,3.082,34.859,2
109883,154,89.0,47.051,-43.434,800.6,2.9842,34.855,2
109884,154,89.0,47.051,-43.434,1006.6,2.8316,34.847,2
109885,154,89.0,47.051,-43.434,1171.8,2.8116,34.849000000000004,2
109894,154,90.0,47.052,-43.20399999999999,1313.5,2.8685,34.836999999999996,2
109912,154,91.0,47.048,-42.735,1497.7,3.0464,34.875,2
110366,155,30.0,59.99,-48.896,1047.6,3.025,34.86,2
110367,155,30.0,59.99,-48.896,1049.7,3.0244,34.859,2
110368,155,30.0,59.99,-48.896,1301.2,2.9177,34.858000000000004,2
110386,155,31.0,59.746,-49.143,1008.7,2.9322,34.854,2
110387,155,31.0,59.746,-49.143,1319.3,2.8080000000000003,34.845,2
110405,155,32.0,59.472,-49.479,652.7,2.9809,34.842,2
110406,155,32.0,59.472,-49.479,878.9,2.8575,34.836999999999996,2
110407,155,32.0,59.472,-49.479,1154.7,2.758,34.830999999999996,2
110445,155,33.0,59.056000000000004,-49.923,688.3,2.8336,34.834,2
110446,155,33.0,59.056000000000004,-49.923,933.5,2.7586,34.833,2
110447,155,33.0,59.056000000000004,-49.923,1219.2,2.7297,34.833,2
110464,155,34.0,58.641000000000005,-50.391999999999996,502.6,2.8171,34.83,2
110465,155,34.0,58.641000000000005,-50.391999999999996,695.4,2.7242,34.826,2
110485,155,35.0,58.222,-50.854,699.2,2.7197,34.826,2
110504,155,36.0,57.803000000000004,-51.303999999999995,505.9,2.7897,34.829,2
110505,155,36.0,57.803000000000004,-51.303999999999995,707.2,2.7233,34.827,2
110545,155,37.0,57.396,-51.754,698.2,2.7576,34.829,2
110565,155,38.0,56.968,-52.225,666.9,2.7757,34.832,2
110566,155,38.0,56.968,-52.225,904.1,2.7513,34.83,2
110589,155,40.0,56.543,-52.69,689.2,2.7986,34.832,2
110590,155,40.0,56.543,-52.69,932.5,2.7443,34.832,2
110591,155,40.0,56.543,-52.69,1214.6,2.7064,34.832,2
110629,155,42.0,56.111000000000004,-53.113,581.3,2.8612,34.84,2
110630,155,42.0,56.111000000000004,-53.113,749.0,2.7719,34.833,2
110650,155,44.0,55.843999999999994,-53.373000000000005,782.1,3.0387,34.861,2
110651,155,44.0,55.843999999999994,-53.373000000000005,963.6,2.825,34.836999999999996,2
110652,155,44.0,55.843999999999994,-53.373000000000005,1178.0,2.7542,34.836999999999996,2
110653,155,44.0,55.843999999999994,-53.373000000000005,1392.0,2.7015,34.83,2
110691,155,46.0,55.608999999999995,-53.604,928.9,2.9928,34.852,2
110692,155,46.0,55.608999999999995,-53.604,1126.9,2.8449,34.844,2
110693,155,46.0,55.608999999999995,-53.604,1331.3,2.8159,34.845,2
110731,155,48.0,55.416000000000004,-53.791000000000004,1164.4,3.0189,34.86,2
110732,155,48.0,55.416000000000004,-53.791000000000004,1362.1,2.9268,34.863,2
110749,155,50.0,55.265,-53.96,1060.1,2.9741,34.856,2
110750,155,50.0,55.265,-53.96,1276.6,2.9192,34.861999999999995,2
110751,155,50.0,55.265,-53.96,1485.3,2.8514,34.868,2
110858,155,62.0,51.255,-49.919,638.4,3.0882,34.847,2
110859,155,62.0,51.255,-49.919,761.8,3.0114,34.847,2
110860,155,62.0,51.255,-49.919,857.0,2.9283,34.846,2
110866,155,63.0,51.373999999999995,-49.614,605.5,2.9135,34.84,2
110867,155,63.0,51.373999999999995,-49.614,812.1,2.8648,34.842,2
110868,155,63.0,51.373999999999995,-49.614,1015.4,2.7723,34.841,2
110869,155,63.0,51.373999999999995,-49.614,1218.2,2.759,34.842,2
110870,155,63.0,51.373999999999995,-49.614,1418.0,2.7744,34.85,2
110882,155,64.0,51.567,-49.178999999999995,592.6,2.9125,34.839,2
110883,155,64.0,51.567,-49.178999999999995,800.6,2.873,34.845,2
110884,155,64.0,51.567,-49.178999999999995,1010.7,2.8257,34.847,2
110885,155,64.0,51.567,-49.178999999999995,1216.3,2.801,34.851,2
110923,155,65.0,51.824,-48.638000000000005,973.4,2.99,34.848,2
110924,155,65.0,51.824,-48.638000000000005,1175.4,2.9757,34.857,2
110925,155,65.0,51.824,-48.638000000000005,1468.2,2.8946,34.856,2
110944,155,66.0,52.122,-47.931000000000004,1259.1,2.8676,34.836,2
111746,156,49.0,46.263999999999996,-47.168,819.7,3.0541,34.845,2
111752,156,50.0,46.177,-46.958,906.9,2.9917,34.846,2
111753,156,50.0,46.177,-46.958,1153.9,2.8868,34.849000000000004,2
111754,156,50.0,46.177,-46.958,1331.6,2.8606,34.854,2
111772,156,53.0,45.858000000000004,-46.426,1006.5,3.02,34.857,2
111773,156,53.0,45.858000000000004,-46.426,1192.4,2.9112,34.849000000000004,2
111783,156,54.0,45.713,-46.3,1202.1,3.0689,34.868,2
111784,156,54.0,45.713,-46.3,1446.0,2.9837,34.87,2
111796,156,55.0,45.475,-46.098,1304.5,3.0272,34.863,2
111797,156,55.0,45.475,-46.098,1404.6,3.0296,34.869,2
112212,156,82.0,46.188,-43.913999999999994,799.6,3.0766,34.855,2
112213,156,82.0,46.188,-43.913999999999994,1007.4,2.9657,34.848,2
112214,156,82.0,46.188,-43.913999999999994,1193.3,2.8979,34.848,2
112215,156,82.0,46.188,-43.913999999999994,1394.4,2.9559,34.866,2
112234,156,83.0,46.332,-44.053000000000004,699.5,3.0371,34.839,2
112235,156,83.0,46.332,-44.053000000000004,896.3,2.9391,34.851,2
112236,156,83.0,46.332,-44.053000000000004,1097.2,2.8197,34.845,2
112237,156,83.0,46.332,-44.053000000000004,1304.0,2.7765,34.844,2
112238,156,83.0,46.332,-44.053000000000004,1499.5,2.8112,34.866,2
112252,156,84.0,46.477,-44.193999999999996,602.0,3.0376,34.852,2
112253,156,84.0,46.477,-44.193999999999996,897.8,2.889,34.849000000000004,2
112254,156,84.0,46.477,-44.193999999999996,1144.0,2.8102,34.846,2
112255,156,84.0,46.477,-44.193999999999996,1396.6,2.7893,34.854,2
112269,156,85.0,46.61,-44.321999999999996,873.3,2.9287,34.849000000000004,2
112285,156,90.0,46.915,-43.728,636.2,2.9058,34.847,2
112286,156,90.0,46.915,-43.728,729.7,2.7965,34.839,2
112293,156,91.0,46.917,-43.431000000000004,755.0,2.9123,34.84,2
112294,156,91.0,46.917,-43.431000000000004,993.5,2.7719,34.843,2
112295,156,91.0,46.917,-43.431000000000004,1125.4,2.7622,34.843,2
112302,156,92.0,46.917,-43.145,901.9,3.0985,34.856,2
112303,156,92.0,46.917,-43.145,1103.1,3.0122,34.856,2
112304,156,92.0,46.917,-43.145,1304.6,2.8898,34.85,2
112322,156,93.0,46.918,-42.852,1106.9,3.0469,34.854,2
112323,156,93.0,46.918,-42.852,1290.7,2.965,34.853,2
112604,157,5.0,42.49,-50.299,1394.6,3.0598,34.861999999999995,2
113360,157,45.0,43.073,-48.843999999999994,1400.5,3.0569,34.873000000000005,2
113407,157,51.0,42.91,-48.165,1498.0,3.0871,34.875,2
113452,157,53.0,45.707,-46.303000000000004,874.9,3.0917,34.864000000000004,2
113453,157,53.0,45.707,-46.303000000000004,978.6,3.0231,34.861999999999995,2
113454,157,53.0,45.707,-46.303000000000004,1088.0,2.9147,34.856,2
113455,157,53.0,45.707,-46.303000000000004,1183.4,2.8819999999999997,34.853,2
113456,157,53.0,45.707,-46.303000000000004,1337.8,2.8626,34.853,2
113457,157,53.0,45.707,-46.303000000000004,1491.2,2.8534,34.854,2
113473,157,54.0,45.455,-46.086999999999996,1205.9,2.9772,34.858000000000004,2
113474,157,54.0,45.455,-46.086999999999996,1435.9,2.9087,34.855,2
113928,157,74.0,46.205,-43.883,1172.0,3.052,34.858000000000004,2
113929,157,74.0,46.205,-43.883,1365.4,2.9560000000000004,34.857,2
113956,157,75.0,46.336000000000006,-44.071999999999996,1200.7,2.9638,34.86,2
113957,157,75.0,46.336000000000006,-44.071999999999996,1399.4,2.8575,34.857,2
113975,157,76.0,46.478,-44.215,1097.2,3.0671,34.863,2
114028,157,87.0,46.303000000000004,-46.233999999999995,1088.8,2.966,34.859,2
114040,157,89.0,45.855,-46.42100000000001,876.6,3.0486,34.861999999999995,2
114041,157,89.0,45.855,-46.42100000000001,1140.7,2.9147,34.861,2
114042,157,89.0,45.855,-46.42100000000001,1245.1,2.9232,34.859,2
114052,157,91.0,46.078,-46.748000000000005,1185.0,2.9914,34.861,2
114058,157,92.0,46.163999999999994,-46.958,995.2,3.0635,34.861,2
114059,157,92.0,46.163999999999994,-46.958,1187.3,2.9044,34.854,2
114060,157,92.0,46.163999999999994,-46.958,1293.1,2.8902,34.854,2
114194,158,10.0,55.107,-54.125,700.7,2.9731,34.799,2
114195,158,10.0,55.107,-54.125,799.2,2.9758,34.816,2
114196,158,10.0,55.107,-54.125,870.2,2.9593,34.815,2
114197,158,10.0,55.107,-54.125,919.5,2.9419999999999997,34.815,2
114204,158,11.0,55.263999999999996,-53.973,574.0,2.8884,34.823,2
114205,158,11.0,55.263999999999996,-53.973,761.4,2.9539,34.845,2
114206,158,11.0,55.263999999999996,-53.973,956.9,2.9363,34.85,2
114207,158,11.0,55.263999999999996,-53.973,1154.4,2.8497,34.847,2
114208,158,11.0,55.263999999999996,-53.973,1354.9,2.7991,34.846,2
114220,158,12.0,55.424,-53.836999999999996,586.8,2.9093,34.828,2
114221,158,12.0,55.424,-53.836999999999996,783.6,2.9283,34.841,2
114222,158,12.0,55.424,-53.836999999999996,976.6,2.8781,34.844,2
114223,158,12.0,55.424,-53.836999999999996,1169.5,2.8562,34.849000000000004,2
114224,158,12.0,55.424,-53.836999999999996,1374.5,2.7929,34.845,2
114239,158,13.0,55.615,-53.629,605.2,2.8669,34.836,2
114240,158,13.0,55.615,-53.629,805.2,2.8737,34.845,2
114241,158,13.0,55.615,-53.629,1002.2,2.7699,34.84,2
114242,158,13.0,55.615,-53.629,1102.2,2.7532,34.836,2
114243,158,13.0,55.615,-53.629,1203.8,2.7287,34.835,2
114244,158,13.0,55.615,-53.629,1307.3,2.7149,34.834,2
114245,158,13.0,55.615,-53.629,1411.8,2.7057,34.836999999999996,2
114259,158,14.0,55.851000000000006,-53.407,560.6,2.8137,34.833,2
114260,158,14.0,55.851000000000006,-53.407,721.2,2.7838,34.834,2
114261,158,14.0,55.851000000000006,-53.407,894.7,2.7413,34.833,2
114262,158,14.0,55.851000000000006,-53.407,1097.5,2.7115,34.832,2
114282,158,16.0,56.128,-53.14,641.4,2.824,34.83,2
114283,158,16.0,56.128,-53.14,790.8,2.8106,34.834,2
114284,158,16.0,56.128,-53.14,963.1,2.7715,34.839,2
114285,158,16.0,56.128,-53.14,1182.9,2.7362,34.833,2
114286,158,16.0,56.128,-53.14,1400.0,2.7322,34.836999999999996,2
114305,158,19.0,56.551,-52.711999999999996,695.7,2.8084,34.834,2
114306,158,19.0,56.551,-52.711999999999996,937.0,2.7742,34.835,2
114307,158,19.0,56.551,-52.711999999999996,1159.8,2.7254,34.835,2
114308,158,19.0,56.551,-52.711999999999996,1411.4,2.7065,34.834,2
114332,158,24.0,56.967,-52.211000000000006,530.6,2.8369,34.83,2
114333,158,24.0,56.967,-52.211000000000006,680.9,2.8241,34.834,2
114334,158,24.0,56.967,-52.211000000000006,812.5,2.7939999999999996,34.834,2
114335,158,24.0,56.967,-52.211000000000006,1039.7,2.7498,34.835,2
114336,158,24.0,56.967,-52.211000000000006,1262.9,2.7277,34.835,2
114337,158,24.0,56.967,-52.211000000000006,1495.3,2.7049,34.836,2
114355,158,28.0,57.385,-51.773,506.6,2.8322,34.828,2
114356,158,28.0,57.385,-51.773,647.9,2.8257,34.836,2
114357,158,28.0,57.385,-51.773,832.8,2.802,34.834,2
114358,158,28.0,57.385,-51.773,1049.5,2.7712,34.836,2
114359,158,28.0,57.385,-51.773,1260.6,2.7334,34.834,2
114379,158,29.0,57.806999999999995,-51.33,657.9,2.8434,34.836999999999996,2
114381,158,29.0,57.806999999999995,-51.33,1037.6,2.7954,34.843,2
114382,158,29.0,57.806999999999995,-51.33,1276.0,2.722,34.834,2
114401,158,30.0,58.224,-50.872,508.9,2.8336,34.828,2
114402,158,30.0,58.224,-50.872,660.3,2.8217,34.832,2
114403,158,30.0,58.224,-50.872,834.4,2.8016,34.836,2
114404,158,30.0,58.224,-50.872,1026.8,2.7753,34.836999999999996,2
114405,158,30.0,58.224,-50.872,1263.1,2.7326,34.834,2
114425,158,32.0,58.637,-50.431999999999995,660.7,2.9329,34.834,2
114426,158,32.0,58.637,-50.431999999999995,839.0,2.9121,34.841,2
114427,158,32.0,58.637,-50.431999999999995,1035.8,2.8127,34.839,2
114428,158,32.0,58.637,-50.431999999999995,1257.9,2.7829,34.841,2
114448,158,33.0,59.06399999999999,-49.97,628.8,2.9822,34.841,2
114449,158,33.0,59.06399999999999,-49.97,812.7,2.9583,34.847,2
114450,158,33.0,59.06399999999999,-49.97,1010.5,2.947,34.858000000000004,2
114451,158,33.0,59.06399999999999,-49.97,1226.2,2.8391,34.847,2
114452,158,33.0,59.06399999999999,-49.97,1485.9,2.747,34.846,2
114471,158,34.0,59.479,-49.504,646.7,3.0287,34.85,2
114472,158,34.0,59.479,-49.504,819.6,2.9821,34.852,2
114473,158,34.0,59.479,-49.504,1016.3,2.8782,34.848,2
114474,158,34.0,59.479,-49.504,1239.5,2.7863,34.839,2
114495,158,35.0,59.754,-49.192,760.7,3.0434,34.858000000000004,2
114496,158,35.0,59.754,-49.192,952.4,2.9021,34.849000000000004,2
114497,158,35.0,59.754,-49.192,1147.9,2.7846,34.839,2
114498,158,35.0,59.754,-49.192,1380.8,2.7430000000000003,34.84,2
114519,158,37.0,59.978,-48.875,837.6,3.0741,34.865,2
114520,158,37.0,59.978,-48.875,1019.7,2.9843,34.861,2
114521,158,37.0,59.978,-48.875,1231.5,2.8885,34.855,2
114522,158,37.0,59.978,-48.875,1439.2,2.7969,34.849000000000004,2
114603,158,44.0,58.589,-41.722,701.5,2.8242,34.846,2
114604,158,44.0,58.589,-41.722,902.4,2.8127,34.848,2
114605,158,44.0,58.589,-41.722,1098.0,2.7815,34.844,2
114606,158,44.0,58.589,-41.722,1299.4,2.7575,34.843,2
114625,158,46.0,57.992,-40.92,576.1,2.8856,34.85,2
114626,158,46.0,57.992,-40.92,741.7,2.8611,34.85,2
114627,158,46.0,57.992,-40.92,963.6,2.8227,34.85,2
114628,158,46.0,57.992,-40.92,1156.2,2.7973,34.845,2
114629,158,46.0,57.992,-40.92,1356.6,2.78,34.845,2
114649,158,47.0,57.394,-40.116,736.9,2.972,34.852,2
114650,158,47.0,57.394,-40.116,947.7,2.8592,34.846,2
114651,158,47.0,57.394,-40.116,1151.8,2.8095,34.845,2
114652,158,47.0,57.394,-40.116,1369.9,2.7847,34.844,2
114671,158,48.0,56.803999999999995,-39.330999999999996,600.5,3.0617,34.859,2
114672,158,48.0,56.803999999999995,-39.330999999999996,759.4,2.9052,34.854,2
114673,158,48.0,56.803999999999995,-39.330999999999996,961.1,2.8865,34.852,2
114674,158,48.0,56.803999999999995,-39.330999999999996,1168.1,2.8478,34.852,2
114675,158,48.0,56.803999999999995,-39.330999999999996,1390.5,2.7698,34.846,2
114696,158,50.0,56.211999999999996,-38.55,1008.8,3.0287,34.863,2
114697,158,50.0,56.211999999999996,-38.55,1191.7,2.96,34.863,2
114698,158,50.0,56.211999999999996,-38.55,1355.1,2.8989,34.86,2
114720,158,52.0,55.626999999999995,-37.812,991.2,3.0564,34.878,2
114721,158,52.0,55.626999999999995,-37.812,1179.4,3.0107,34.871,2
114722,158,52.0,55.626999999999995,-37.812,1387.3,2.9585,34.874,2
114766,158,55.0,54.342,-36.821,1298.4,3.0064,34.868,2
114802,158,58.0,53.028999999999996,-36.458,1305.7,2.9939,34.876999999999995,2
114803,158,58.0,53.028999999999996,-36.458,1483.6,2.9611,34.87,2
114821,158,59.0,52.37,-36.317,1201.2,3.0823,34.87,2
114822,158,59.0,52.37,-36.317,1395.9,2.9886,34.867,2
114845,158,60.0,51.705,-36.109,1397.2,3.0376,34.867,2
114867,158,61.0,51.062,-35.946999999999996,1354.6,3.0512,34.866,2
115479,159,29.0,55.261,-53.956,850.0,3.033,34.855,2
115480,159,29.0,55.261,-53.956,1030.0,2.9914,34.86,2
115481,159,29.0,55.261,-53.956,1203.9,2.8493,34.851,2
115482,159,29.0,55.261,-53.956,1388.8,2.7785,34.849000000000004,2
115496,159,30.0,55.419,-53.818999999999996,848.8,2.8982,34.828,2
115497,159,30.0,55.419,-53.818999999999996,1027.8,3.0177,34.856,2
115498,159,30.0,55.419,-53.818999999999996,1199.7,2.9492,34.856,2
115499,159,30.0,55.419,-53.818999999999996,1398.0,2.8514,34.853,2
115518,159,31.0,55.608999999999995,-53.618,1259.9,3.0025,34.863,2
115519,159,31.0,55.608999999999995,-53.618,1481.0,2.8711,34.856,2
115536,159,32.0,55.847,-53.38,705.8,3.0893,34.853,2
115537,159,32.0,55.847,-53.38,894.0,2.9416,34.845,2
115538,159,32.0,55.847,-53.38,1102.2,2.9104,34.85,2
115539,159,32.0,55.847,-53.38,1313.2,2.8528,34.849000000000004,2
115558,159,33.0,56.123999999999995,-53.141000000000005,583.1,2.838,34.821,2
115559,159,33.0,56.123999999999995,-53.141000000000005,760.0,2.9065,34.838,2
115560,159,33.0,56.123999999999995,-53.141000000000005,946.6,2.8896,34.843,2
115561,159,33.0,56.123999999999995,-53.141000000000005,1178.4,2.8255,34.842,2
115562,159,33.0,56.123999999999995,-53.141000000000005,1400.3,2.7805,34.842,2
115580,159,34.0,56.536,-52.693000000000005,500.9,2.7052,34.789,2
115581,159,34.0,56.536,-52.693000000000005,680.0,2.8398,34.817,2
115582,159,34.0,56.536,-52.693000000000005,879.5,2.915,34.836,2
115583,159,34.0,56.536,-52.693000000000005,1098.2,2.8689999999999998,34.84,2
115584,159,34.0,56.536,-52.693000000000005,1322.2,2.8117,34.84,2
115609,159,36.0,56.956,-52.243,642.1,2.7845,34.81,2
115610,159,36.0,56.956,-52.243,819.6,2.7786,34.816,2
115611,159,36.0,56.956,-52.243,1018.1,2.7153,34.812,2
115612,159,36.0,56.956,-52.243,1268.9,2.8549,34.842,2
115613,159,36.0,56.956,-52.243,1480.3,2.8063,34.841,2
115631,159,37.0,57.371,-51.81,534.9,2.8646,34.814,2
115632,159,37.0,57.371,-51.81,689.1,2.9057,34.844,2
115633,159,37.0,57.371,-51.81,869.7,2.9466,34.845,2
115634,159,37.0,57.371,-51.81,1069.4,2.8813,34.845,2
115635,159,37.0,57.371,-51.81,1295.1,2.8219,34.842,2
115654,159,38.0,57.783,-51.347,500.4,2.9927,34.823,2
115655,159,38.0,57.783,-51.347,656.3,2.9181,34.825,2
115656,159,38.0,57.783,-51.347,840.7,2.8673,34.828,2
115657,159,38.0,57.783,-51.347,1038.3,2.9139,34.872,2
115658,159,38.0,57.783,-51.347,1280.2,2.8557,34.845,2
115679,159,39.0,58.22,-50.88399999999999,851.2,3.0105,34.85,2
115680,159,39.0,58.22,-50.88399999999999,1045.9,3.0066,34.858000000000004,2
115681,159,39.0,58.22,-50.88399999999999,1269.6,2.9203,34.855,2
115701,159,40.0,58.633,-50.418,658.6,3.0747,34.82,2
115703,159,40.0,58.633,-50.418,1038.3,2.9569,34.843,2
115704,159,40.0,58.633,-50.418,1260.7,2.8791,34.844,2
115723,159,41.0,59.062,-49.952,514.1,3.0752,34.824,2
115724,159,41.0,59.062,-49.952,669.7,3.0875,34.830999999999996,2
115725,159,41.0,59.062,-49.952,851.1,3.0018,34.842,2
115726,159,41.0,59.062,-49.952,1048.3,2.8953,34.839,2
115727,159,41.0,59.062,-49.952,1268.9,2.8804,34.847,2
115747,159,42.0,59.473,-49.472,670.5,3.0864,34.828,2
115748,159,42.0,59.473,-49.472,851.3,2.9516,34.830999999999996,2
115749,159,42.0,59.473,-49.472,1050.2,2.9498,34.846,2
115750,159,42.0,59.473,-49.472,1267.4,2.8737,34.846,2
115751,159,42.0,59.473,-49.472,1488.7,2.8016,34.843,2
115772,159,43.0,59.751000000000005,-49.177,896.9,3.0245,34.854,2
115773,159,43.0,59.751000000000005,-49.177,1119.2,2.9076,34.85,2
115774,159,43.0,59.751000000000005,-49.177,1340.1,2.8201,34.845,2
115797,159,44.0,59.981,-48.906000000000006,1262.4,2.9774,34.865,2
115798,159,44.0,59.981,-48.906000000000006,1476.7,2.8247,34.85,2
116122,160,20.0,50.12,-50.003,882.3,2.9602,34.861999999999995,2
116143,160,21.0,50.35,-49.498999999999995,1200.0,3.0359,34.859,2
116144,160,21.0,50.35,-49.498999999999995,1449.6,2.9019999999999997,34.857,2
116171,160,22.0,50.592,-49.001999999999995,603.1,3.0924,34.836,2
116172,160,22.0,50.592,-49.001999999999995,805.6,2.9746,34.836,2
116173,160,22.0,50.592,-49.001999999999995,1005.9,2.9335,34.843,2
116174,160,22.0,50.592,-49.001999999999995,1208.9,2.9128,34.852,2
116175,160,22.0,50.592,-49.001999999999995,1411.6,2.8362,34.853,2
116188,160,23.0,50.842,-48.482,596.5,3.0761,34.836,2
116189,160,23.0,50.842,-48.482,789.4,3.0384,34.854,2
116190,160,23.0,50.842,-48.482,994.6,2.9908,34.855,2
116191,160,23.0,50.842,-48.482,1191.4,2.8777,34.853,2
116192,160,23.0,50.842,-48.482,1392.6,2.8221,34.863,2
116209,160,24.0,51.161,-47.842,799.7,3.0835,34.839,2
116210,160,24.0,51.161,-47.842,992.5,3.0445,34.849000000000004,2
116211,160,24.0,51.161,-47.842,1195.1,2.9917,34.854,2
116212,160,24.0,51.161,-47.842,1397.5,2.9011,34.806999999999995,2
116233,160,25.0,51.468,-47.218999999999994,1198.6,3.0577,34.865,2
116234,160,25.0,51.468,-47.218999999999994,1389.9,2.9697,34.861,2
116257,160,26.0,51.795,-46.623000000000005,1199.7,3.0689,34.865,2
116258,160,26.0,51.795,-46.623000000000005,1399.5,2.9519,34.861,2
116306,160,28.0,52.382,-45.29,1403.5,3.0441,34.867,2
116330,160,29.0,52.7,-44.61600000000001,1399.7,2.9760000000000004,34.861999999999995,2
116369,160,30.0,52.998999999999995,-44.004,1401.5,3.048,34.871,2
116393,160,31.0,53.498000000000005,-44.0,1404.5,2.9969,34.863,2
116416,160,32.0,53.997,-44.004,1200.6,3.0885,34.871,2
116417,160,32.0,53.997,-44.004,1399.7,2.9704,34.867,2
116455,160,33.0,54.498000000000005,-44.004,1002.4,3.0845,34.861999999999995,2
116456,160,33.0,54.498000000000005,-44.004,1201.5,2.9698,34.857,2
116457,160,33.0,54.498000000000005,-44.004,1396.8,2.9165,34.857,2
116479,160,34.0,54.998000000000005,-43.998000000000005,998.3,3.0844,34.865,2
116480,160,34.0,54.998000000000005,-43.998000000000005,1201.4,2.9656,34.858000000000004,2
116481,160,34.0,54.998000000000005,-43.998000000000005,1399.8,2.9010000000000002,34.855,2
116502,160,35.0,55.496,-43.99100000000001,799.8,2.9961,34.85,2
116503,160,35.0,55.496,-43.99100000000001,1000.2,2.9387,34.851,2
116504,160,35.0,55.496,-43.99100000000001,1197.8,2.8837,34.851,2
116505,160,35.0,55.496,-43.99100000000001,1400.8,2.8468,34.851,2
116526,160,36.0,55.998999999999995,-44.0,800.0,3.0442,34.857,2
116527,160,36.0,55.998999999999995,-44.0,998.2,2.971,34.856,2
116528,160,36.0,55.998999999999995,-44.0,1200.2,2.9056,34.855,2
116529,160,36.0,55.998999999999995,-44.0,1398.3,2.8294,34.85,2
116564,160,37.0,56.494,-43.994,602.1,2.9181,34.818000000000005,2
116566,160,37.0,56.494,-43.994,998.0,2.9834,34.852,2
116567,160,37.0,56.494,-43.994,1209.0,2.8936,34.848,2
116568,160,37.0,56.494,-43.994,1404.0,2.8224,34.844,2
116587,160,38.0,56.998000000000005,-44.001000000000005,509.1,2.82,34.806,2
116588,160,38.0,56.998000000000005,-44.001000000000005,660.9,2.8534,34.812,2
116589,160,38.0,56.998000000000005,-44.001000000000005,867.7,3.0608,34.85,2
116590,160,38.0,56.998000000000005,-44.001000000000005,1040.8,2.9835,34.85,2
116591,160,38.0,56.998000000000005,-44.001000000000005,1219.8,2.9037,34.848,2
116592,160,38.0,56.998000000000005,-44.001000000000005,1418.5,2.8372,34.845,2
116612,160,39.0,57.5,-44.0,707.6,3.0452,34.849000000000004,2
116613,160,39.0,57.5,-44.0,850.5,2.9973,34.852,2
116614,160,39.0,57.5,-44.0,999.9,2.946,34.851,2
116615,160,39.0,57.5,-44.0,1201.6,2.8658,34.848,2
116616,160,39.0,57.5,-44.0,1401.8,2.8216,34.846,2
116651,160,40.0,57.982,-44.012,500.6,2.9283,34.82,2
116652,160,40.0,57.982,-44.012,698.6,2.9178,34.82,2
116653,160,40.0,57.982,-44.012,899.8,3.0385,34.854,2
116654,160,40.0,57.982,-44.012,1097.1,2.9255,34.85,2
116655,160,40.0,57.982,-44.012,1300.0,2.8583,34.847,2
116676,160,41.0,58.49,-44.019,1000.0,3.0031,34.865,2
116677,160,41.0,58.49,-44.019,1208.5,2.8319,34.85,2
116678,160,41.0,58.49,-44.019,1402.3,2.8558,34.866,2
116814,160,48.0,59.986000000000004,-48.902,1277.8,3.0677,34.873000000000005,2
116837,160,49.0,59.751000000000005,-49.163999999999994,1119.9,3.0989999999999998,34.864000000000004,2
116838,160,49.0,59.751000000000005,-49.163999999999994,1338.3,2.9734,34.858000000000004,2
116875,160,50.0,59.483999999999995,-49.473,1160.8,2.9339,34.843,2
116876,160,50.0,59.483999999999995,-49.473,1318.6,3.0194,34.865,2
116898,160,51.0,59.06399999999999,-49.961000000000006,849.7,3.0618,34.830999999999996,2
116899,160,51.0,59.06399999999999,-49.961000000000006,1009.3,3.0034,34.83,2
116900,160,51.0,59.06399999999999,-49.961000000000006,1261.6,3.0094,34.847,2
116901,160,51.0,59.06399999999999,-49.961000000000006,1498.7,2.9316,34.849000000000004,2
116922,160,52.0,58.641000000000005,-50.418,840.1,3.0391,34.84,2
116923,160,52.0,58.641000000000005,-50.418,1020.8,2.9442,34.838,2
116924,160,52.0,58.641000000000005,-50.418,1251.7,2.8673,34.835,2
116925,160,52.0,58.641000000000005,-50.418,1489.4,2.8874,34.846,2
116960,160,53.0,58.196000000000005,-50.883,670.7,3.0952,34.836,2
116961,160,53.0,58.196000000000005,-50.883,846.4,3.052,34.838,2
116962,160,53.0,58.196000000000005,-50.883,1048.6,3.0042,34.845,2
116963,160,53.0,58.196000000000005,-50.883,1269.0,2.8796,34.838,2
116984,160,54.0,57.797,-51.343999999999994,661.3,3.0985,34.834,2
116985,160,54.0,57.797,-51.343999999999994,839.0,2.9965,34.83,2
116986,160,54.0,57.797,-51.343999999999994,1039.2,2.949,34.834,2
116987,160,54.0,57.797,-51.343999999999994,1280.0,2.8349,34.826,2
117021,160,55.0,57.375,-51.792,1047.6,3.0162,34.84,2
117022,160,55.0,57.375,-51.792,1255.5,2.884,34.834,2
117070,160,60.0,56.956,-52.239,620.2,3.0380000000000003,34.821,2
117071,160,60.0,56.956,-52.239,811.3,3.0284,34.834,2
117072,160,60.0,56.956,-52.239,1024.8,3.005,34.846,2
117073,160,60.0,56.956,-52.239,1230.8,2.9876,34.856,2
117074,160,60.0,56.956,-52.239,1458.7,2.8996,34.851,2
117094,160,61.0,56.549,-52.678000000000004,667.0,2.9992,34.833,2
117095,160,61.0,56.549,-52.678000000000004,869.5,2.9678,34.84,2
117096,160,61.0,56.549,-52.678000000000004,1069.3,2.9089,34.842,2
117097,160,61.0,56.549,-52.678000000000004,1270.6,2.9089,34.85,2
117098,160,61.0,56.549,-52.678000000000004,1480.0,2.8449,34.849000000000004,2
117135,160,66.0,56.111000000000004,-53.117,758.5,2.9909,34.836999999999996,2
117136,160,66.0,56.111000000000004,-53.117,969.7,2.8772,34.83,2
117137,160,66.0,56.111000000000004,-53.117,1180.6,2.8724,34.838,2
117138,160,66.0,56.111000000000004,-53.117,1418.7,2.8864,34.85,2
117174,160,67.0,55.845,-53.39,710.4,3.0042,34.836999999999996,2
117175,160,67.0,55.845,-53.39,899.3,2.9796,34.842,2
117176,160,67.0,55.845,-53.39,1101.3,2.8916,34.838,2
117177,160,67.0,55.845,-53.39,1301.6,2.8413,34.836999999999996,2
117178,160,67.0,55.845,-53.39,1498.8,2.8864,34.85,2
117197,160,69.0,55.61,-53.63,799.1,3.0996,34.847,2
117198,160,69.0,55.61,-53.63,1020.5,2.9941,34.847,2
117199,160,69.0,55.61,-53.63,1260.0,2.8114,34.832,2
117200,160,69.0,55.61,-53.63,1480.1,2.884,34.853,2
117218,160,70.0,55.42100000000001,-53.827,1100.5,3.0966,34.867,2
117219,160,70.0,55.42100000000001,-53.827,1299.5,2.9784,34.865,2
117220,160,70.0,55.42100000000001,-53.827,1494.6,2.8813,34.858000000000004,2
117238,160,71.0,55.263999999999996,-53.985,1001.7,3.0362,34.85,2
117239,160,71.0,55.263999999999996,-53.985,1201.1,2.9907,34.858000000000004,2
117240,160,71.0,55.263999999999996,-53.985,1350.5,2.9318,34.859,2
117357,160,80.0,56.75899999999999,-58.281000000000006,1238.9,2.8497,34.879,2
117382,160,82.0,56.949,-57.979,1222.8,3.0010000000000003,34.871,2
117383,160,82.0,56.949,-57.979,1403.2,2.8248,34.854,2
117399,160,83.0,57.184,-57.565,1291.1,2.9838,34.867,2
117400,160,83.0,57.184,-57.565,1449.4,2.8821,34.86,2
117422,160,84.0,57.483000000000004,-57.044,1231.6,3.013,34.867,2
117423,160,84.0,57.483000000000004,-57.044,1389.6,2.903,34.859,2
117443,160,85.0,57.86,-56.394,1299.4,3.077,34.871,2
117444,160,85.0,57.86,-56.394,1420.9,3.0067,34.867,2
117463,160,87.0,58.217,-55.783,759.7,2.9276,34.830999999999996,2
117464,160,87.0,58.217,-55.783,900.9,2.8946,34.833,2
117465,160,87.0,58.217,-55.783,1037.8,2.8476,34.830999999999996,2
117466,160,87.0,58.217,-55.783,1180.1,2.8156,34.83,2
117467,160,87.0,58.217,-55.783,1320.4,2.8358,34.836,2
117468,160,87.0,58.217,-55.783,1479.6,2.8818,34.849000000000004,2
117500,160,89.0,58.583999999999996,-55.129,500.8,2.9744,34.83,2
117501,160,89.0,58.583999999999996,-55.129,649.8,2.9219999999999997,34.83,2
117502,160,89.0,58.583999999999996,-55.129,819.9,2.8814,34.833,2
117503,160,89.0,58.583999999999996,-55.129,999.6,2.8668,34.835,2
117504,160,89.0,58.583999999999996,-55.129,1178.9,2.8416,34.835,2
117505,160,89.0,58.583999999999996,-55.129,1379.8,2.8689,34.847,2
117525,160,90.0,58.935,-54.5,619.1,2.9438,34.827,2
117526,160,90.0,58.935,-54.5,755.8,2.9492,34.834,2
117527,160,90.0,58.935,-54.5,939.4,2.8474,34.826,2
117528,160,90.0,58.935,-54.5,1148.9,2.8225,34.83,2
117529,160,90.0,58.935,-54.5,1350.3,2.8591,34.839,2
117549,160,91.0,59.299,-53.831,639.5,3.0822,34.834,2
117550,160,91.0,59.299,-53.831,799.2,3.0056,34.830999999999996,2
117551,160,91.0,59.299,-53.831,960.3,2.9448,34.833,2
117552,160,91.0,59.299,-53.831,1139.5,2.8799,34.83,2
117553,160,91.0,59.299,-53.831,1318.5,2.8304,34.83,2
117576,160,92.0,59.68899999999999,-53.166000000000004,1177.4,3.0793,34.847,2
117577,160,92.0,59.68899999999999,-53.166000000000004,1347.0,3.0157,34.85,2
117901,160,108.0,59.489,-55.666000000000004,923.3,3.0384,34.849000000000004,2
117902,160,108.0,59.489,-55.666000000000004,1101.2,2.9577,34.844,2
117903,160,108.0,59.489,-55.666000000000004,1280.4,2.9989999999999997,34.859,2
117904,160,108.0,59.489,-55.666000000000004,1461.4,2.9423,34.859,2
117923,160,109.0,58.076,-54.516000000000005,598.6,3.0944,34.833,2
117924,160,109.0,58.076,-54.516000000000005,755.2,3.0602,34.836999999999996,2
117925,160,109.0,58.076,-54.516000000000005,924.3,3.0015,34.841,2
117926,160,109.0,58.076,-54.516000000000005,1098.6,2.9251,34.836999999999996,2
117927,160,109.0,58.076,-54.516000000000005,1290.3,2.9141,34.843,2
117928,160,109.0,58.076,-54.516000000000005,1490.0,2.9366,34.854,2
117948,160,110.0,57.571999999999996,-53.895,759.5,3.0614,34.835,2
117949,160,110.0,57.571999999999996,-53.895,925.4,2.9564,34.830999999999996,2
117950,160,110.0,57.571999999999996,-53.895,1098.2,2.8815,34.83,2
117951,160,110.0,57.571999999999996,-53.895,1289.9,2.8697,34.836,2
117952,160,110.0,57.571999999999996,-53.895,1489.2,2.9514,34.857,2
117972,160,111.0,57.06399999999999,-53.278999999999996,766.0,3.0893,34.838,2
117973,160,111.0,57.06399999999999,-53.278999999999996,931.6,3.0144,34.836999999999996,2
117974,160,111.0,57.06399999999999,-53.278999999999996,1104.3,2.9534,34.839,2
117975,160,111.0,57.06399999999999,-53.278999999999996,1249.2,2.875,34.832,2
117976,160,111.0,57.06399999999999,-53.278999999999996,1401.6,2.8611,34.835,2
117995,160,113.0,56.052,-51.931999999999995,609.9,3.073,34.830999999999996,2
117996,160,113.0,56.052,-51.931999999999995,762.0,3.0895,34.841,2
117998,160,113.0,56.052,-51.931999999999995,1160.3,2.9722,34.849000000000004,2
117999,160,113.0,56.052,-51.931999999999995,1337.3,2.9355,34.853,2
118019,160,114.0,55.548,-51.25899999999999,600.2,2.9825,34.83,2
118020,160,114.0,55.548,-51.25899999999999,761.5,2.909,34.829,2
118021,160,114.0,55.548,-51.25899999999999,924.6,2.8609,34.83,2
118022,160,114.0,55.548,-51.25899999999999,1100.4,2.8424,34.832,2
118023,160,114.0,55.548,-51.25899999999999,1290.6,2.8324,34.836,2
118043,160,116.0,55.043,-50.565,596.5,3.0596,34.84,2
118045,160,116.0,55.043,-50.565,923.8,2.9111,34.838,2
118046,160,116.0,55.043,-50.565,1102.0,2.8573,34.836999999999996,2
118047,160,116.0,55.043,-50.565,1301.1,2.8979,34.85,2
118048,160,116.0,55.043,-50.565,1500.0,2.8487,34.85,2
118069,160,117.0,54.582,-49.945,965.3,3.0766,34.854,2
118070,160,117.0,54.582,-49.945,1151.3,2.9388,34.844,2
118071,160,117.0,54.582,-49.945,1351.5,2.9739,34.86,2
118094,160,118.0,54.131,-49.326,1190.1,3.0610000000000004,34.864000000000004,2
118095,160,118.0,54.131,-49.326,1399.8,2.9581,34.859,2
118119,160,119.0,53.674,-48.7,1280.8,3.0377,34.865,2
118120,160,119.0,53.674,-48.7,1490.0,2.9243,34.856,2
118142,160,120.0,53.218999999999994,-48.077,1158.8,2.9753,34.844,2
118143,160,120.0,53.218999999999994,-48.077,1359.7,2.8899,34.842,2
118166,160,121.0,53.448,-49.483999999999995,1187.9,3.0842,34.871,2
118167,160,121.0,53.448,-49.483999999999995,1399.4,2.9752,34.864000000000004,2
118189,160,122.0,53.299,-50.003,963.8,3.0337,34.849000000000004,2
118190,160,122.0,53.299,-50.003,1144.2,2.9256,34.844,2
118191,160,122.0,53.299,-50.003,1350.6,2.9038,34.848,2
118214,160,123.0,53.15,-50.531000000000006,818.7,3.0307,34.844,2
118215,160,123.0,53.15,-50.531000000000006,999.1,2.9028,34.834,2
118216,160,123.0,53.15,-50.531000000000006,1199.4,2.8819,34.838,2
118217,160,123.0,53.15,-50.531000000000006,1401.0,2.9102,34.852,2
118239,160,124.0,52.998999999999995,-51.055,839.8,2.9874,34.844,2
118240,160,124.0,52.998999999999995,-51.055,980.8,2.9004,34.84,2
118241,160,124.0,52.998999999999995,-51.055,1100.2,2.9272,34.851,2
118242,160,124.0,52.998999999999995,-51.055,1268.9,2.9225,34.854,2
118243,160,124.0,52.998999999999995,-51.055,1419.7,2.83,34.848,2
118260,160,125.0,52.86600000000001,-51.513000000000005,1001.2,3.032,34.844,2
118261,160,125.0,52.86600000000001,-51.513000000000005,1141.0,2.9969,34.854,2
118262,160,125.0,52.86600000000001,-51.513000000000005,1268.1,2.9168,34.849000000000004,2
118263,160,125.0,52.86600000000001,-51.513000000000005,1389.2,2.9043,34.857,2
118264,160,125.0,52.86600000000001,-51.513000000000005,1479.6,2.8527,34.856,2
118295,160,126.0,52.832,-51.622,1027.0,2.9577,34.859,2
118724,161,48.0,55.419,-53.827,1229.2,3.0509,34.86,2
118725,161,48.0,55.419,-53.827,1428.3,2.923,34.857,2
118748,161,50.0,55.263000000000005,-53.982,1208.5,3.0522,34.858000000000004,2
118749,161,50.0,55.263000000000005,-53.982,1388.9,2.9917,34.861,2
118788,161,57.0,55.614,-53.628,1258.1,3.0766,34.86,2
118789,161,57.0,55.614,-53.628,1478.8,2.9499,34.858000000000004,2
118809,161,61.0,55.846000000000004,-53.395,1090.3,3.0725,34.839,2
118810,161,61.0,55.846000000000004,-53.395,1309.4,3.0897,34.861,2
118831,161,62.0,56.117,-53.118,760.5,3.077,34.830999999999996,2
118832,161,62.0,56.117,-53.118,960.5,3.0765,34.841,2
118833,161,62.0,56.117,-53.118,1179.4,3.0352,34.851,2
118834,161,62.0,56.117,-53.118,1398.2,2.9414,34.852,2
118857,161,66.0,56.537,-52.681000000000004,1323.2,3.0298,34.853,2
118899,161,74.0,56.956,-52.231,818.0,3.0753,34.832,2
118901,161,74.0,56.956,-52.231,1238.8,3.0004,34.849000000000004,2
118902,161,74.0,56.956,-52.231,1481.7,2.9437,34.853,2
118923,161,77.0,57.375,-51.785,868.6,3.0817,34.824,2
118925,161,77.0,57.375,-51.785,1291.9,3.0374,34.848,2
118996,161,84.0,58.213,-50.875,1047.8,3.0749,34.838,2
118997,161,84.0,58.213,-50.875,1268.9,3.0757,34.853,2
119066,161,92.0,59.067,-49.949,666.8,3.0914,34.814,2
119068,161,92.0,59.067,-49.949,1050.6,3.0802,34.839,2
119069,161,92.0,59.067,-49.949,1274.8,3.0432,34.852,2
119093,161,95.0,59.483999999999995,-49.475,1271.5,3.091,34.853,2
119094,161,95.0,59.483999999999995,-49.475,1489.1,2.9689,34.849000000000004,2
119118,161,97.0,59.748999999999995,-49.167,1338.7,3.0148,34.853,2
119509,162,61.0,55.265,-53.983999999999995,1393.8,3.0568,34.865,2
119525,162,68.0,55.428000000000004,-53.81399999999999,1406.4,3.0262,34.864000000000004,2
119573,162,73.0,55.611999999999995,-53.631,1397.8,3.0407,34.861999999999995,2
119658,162,86.0,56.538000000000004,-52.678000000000004,1498.2,2.9949,34.858000000000004,2
119701,162,87.0,56.527,-52.674,1401.5,3.0308,34.861999999999995,2
119804,162,101.0,58.647,-50.44,1499.9,3.0263,34.858000000000004,2
119849,162,107.0,59.982,-48.898,1378.9,3.0728,34.875,2
119850,162,107.0,59.982,-48.898,1498.9,2.9568,34.868,2
120049,162,129.0,59.75,-49.166000000000004,1429.7,3.0476,34.871,2
120063,162,132.0,59.067,-49.95,1499.7,3.05,34.861999999999995,2
120282,163,16.0,55.413999999999994,-53.809,1408.1,2.9493,34.863,2
120310,163,36.0,56.84,-53.978,1001.1,3.0957,34.826,2
120311,163,36.0,56.84,-53.978,1001.2,3.0966,34.826,2
120312,163,36.0,56.84,-53.978,1001.6,3.0995,34.827,2
120313,163,36.0,56.84,-53.978,1001.7,3.0997,34.827,2
120314,163,36.0,56.84,-53.978,1002.0,3.0978,34.827,2
120322,163,39.0,56.108999999999995,-53.121,579.8,3.0774,34.805,2
120323,163,39.0,56.108999999999995,-53.121,760.3,3.0860000000000003,34.823,2
120326,163,39.0,56.108999999999995,-53.121,1400.2,3.0938,34.865,2
120391,163,45.0,55.597,-53.657,1434.0,3.0216,34.868,2
120449,163,72.0,56.537,-52.678000000000004,679.5,3.0778,34.813,2
120450,163,72.0,56.537,-52.678000000000004,869.8,3.0829,34.821999999999996,2
120453,163,72.0,56.537,-52.678000000000004,1499.8,3.0789,34.865,2
120490,163,80.0,57.586999999999996,-51.551,1289.9,3.0588,34.813,2
120491,163,80.0,57.586999999999996,-51.551,1360.6,3.0508,34.813,2
120513,163,82.0,58.215,-50.888999999999996,849.5,3.0779,34.812,2
120514,163,82.0,58.215,-50.888999999999996,989.3,3.0595,34.813,2
120515,163,82.0,58.215,-50.888999999999996,1289.9,3.0963,34.826,2
120579,163,90.0,59.754,-49.158,1429.1,3.0971,34.871,2
120652,163,97.0,59.996,-48.907,1378.9,3.0613,34.874,2
120726,163,105.0,57.885,-51.232,870.7,3.0956,34.823,2
120749,163,110.0,57.247,-51.9,680.5,3.0362,34.808,2
120750,163,110.0,57.247,-51.9,868.5,3.0866,34.818000000000005,2
120816,163,124.0,56.602,-52.998999999999995,743.9,3.0864,34.817,2
120819,163,124.0,56.602,-52.998999999999995,1499.1,3.0945,34.867,2
120854,163,134.0,55.25899999999999,-53.975,1391.6,3.0580000000000003,34.87,2
121244,164,71.0,55.42,-53.825,1409.7,2.9914,34.872,2
121281,164,75.0,55.623999999999995,-53.645,1429.4,3.0903,34.876999999999995,2
121717,164,211.0,56.114,-53.117,761.2,3.0807,34.812,2
121755,164,236.0,55.262,-53.983000000000004,1389.8,3.0628,34.876,2
122315,165,82.0,48.333999999999996,-46.931999999999995,1464.6,3.0637,34.88,2
123163,165,270.0,59.333,-45.931999999999995,1371.2,3.0093,34.88,2
123236,165,287.0,59.25,-44.013999999999996,1436.6,2.9986,34.884,2
123249,165,296.0,59.005,-44.006,1380.0,3.0745,34.883,2
123265,165,303.0,58.497,-44.001000000000005,1210.1,2.9967,34.879,2
123266,165,303.0,58.497,-44.001000000000005,1390.9,2.8066,34.883,2
123442,165,339.0,55.402,-43.996,1470.2,3.0925,34.876999999999995,2
123466,165,341.0,54.801,-43.997,1453.0,3.0932,34.878,2
123693,165,372.0,51.465,-47.214,1480.7,3.0755,34.88,2
164468,237,201.0,57.251999999999995,-50.02,510.0,3.0966,34.792,2
164563,237,203.0,55.902,-45.977,500.0,3.0753,34.787,2
184884,258,41.0,54.633,-36.783,1401.9,2.9477,34.859,2
184905,258,42.0,55.033,-37.28,1002.6,3.0731,34.864000000000004,2
184906,258,42.0,55.033,-37.28,1101.8,2.998,34.86,2
184907,258,42.0,55.033,-37.28,1202.5,2.9402,34.857,2
184908,258,42.0,55.033,-37.28,1303.5,2.8948,34.855,2
184909,258,42.0,55.033,-37.28,1401.1,2.8624,34.856,2
184954,258,44.0,55.85,-38.299,1395.2,2.9847,34.869,2
184976,258,45.0,56.272,-38.819,992.1,3.0787,34.864000000000004,2
184977,258,45.0,56.272,-38.819,1188.4,2.9503,34.854,2
184978,258,45.0,56.272,-38.819,1395.7,2.8596,34.85,2
184998,258,46.0,56.663999999999994,-39.333,802.8,3.0837,34.859,2
184999,258,46.0,56.663999999999994,-39.333,1003.3,2.968,34.854,2
185000,258,46.0,56.663999999999994,-39.333,1206.1,2.9103,34.854,2
185001,258,46.0,56.663999999999994,-39.333,1403.6,2.8477,34.851,2
185022,258,47.0,57.089,-39.867,798.8,3.0684,34.861,2
185023,258,47.0,57.089,-39.867,998.5,2.9274,34.852,2
185024,258,47.0,57.089,-39.867,1200.3,2.8382,34.845,2
185025,258,47.0,57.089,-39.867,1400.3,2.8057,34.845,2
185047,258,48.0,57.485,-40.395,1005.9,2.9939999999999998,34.859,2
185048,258,48.0,57.485,-40.395,1203.0,2.937,34.859,2
185049,258,48.0,57.485,-40.395,1402.0,2.8396,34.851,2
185069,258,49.0,57.903,-40.936,706.1,3.0208,34.849000000000004,2
185070,258,49.0,57.903,-40.936,799.8,2.9661,34.847,2
185071,258,49.0,57.903,-40.936,1002.1,2.8911,34.848,2
185072,258,49.0,57.903,-40.936,1200.5,2.8309,34.844,2
185073,258,49.0,57.903,-40.936,1402.1,2.7912,34.844,2
185093,258,50.0,58.303000000000004,-41.472,700.8,3.0435,34.846,2
185094,258,50.0,58.303000000000004,-41.472,806.1,2.9726,34.844,2
185095,258,50.0,58.303000000000004,-41.472,1004.4,2.9163,34.847,2
185096,258,50.0,58.303000000000004,-41.472,1253.0,2.8283,34.844,2
185117,258,51.0,58.511,-41.758,702.2,3.036,34.852,2
185118,258,51.0,58.511,-41.758,803.6,2.9793,34.85,2
185119,258,51.0,58.511,-41.758,1004.1,2.89,34.846,2
185120,258,51.0,58.511,-41.758,1251.5,2.8142,34.843,2
185142,258,52.0,58.717,-42.033,800.4,3.063,34.865,2
185143,258,52.0,58.717,-42.033,1004.1,2.9504,34.857,2
185144,258,52.0,58.717,-42.033,1206.5,2.8569,34.851,2
185145,258,52.0,58.717,-42.033,1404.5,2.8102,34.848,2
185168,258,53.0,58.919,-42.317,1201.4,2.9393,34.86,2
185169,258,53.0,58.919,-42.317,1398.8,2.8760000000000003,34.859,2
185194,258,54.0,59.115,-42.586999999999996,1203.5,3.0245,34.873000000000005,2
185195,258,54.0,59.115,-42.586999999999996,1400.4,2.898,34.861999999999995,2
185219,258,55.0,59.244,-42.773,1398.1,3.0505,34.882,2
189918,259,101.0,59.467,-42.614,1388.9,3.008,34.872,2
189935,259,102.0,59.16,-42.288999999999994,1122.9,3.0592,34.869,2
189936,259,102.0,59.16,-42.288999999999994,1339.9,2.8513,34.856,2
189955,259,103.0,58.847,-41.952,1061.1,2.9619999999999997,34.858000000000004,2
189956,259,103.0,58.847,-41.952,1257.5,2.8816,34.855,2
189957,259,103.0,58.847,-41.952,1403.9,2.83,34.849000000000004,2
189983,259,104.0,58.466,-41.57,962.6,3.0738,34.863,2
189984,259,104.0,58.466,-41.57,1064.4,3.0012,34.858000000000004,2
189985,259,104.0,58.466,-41.57,1165.7,2.9627,34.863,2
189986,259,104.0,58.466,-41.57,1367.0,2.8811,34.858000000000004,2
190009,259,105.0,58.167,-41.278999999999996,661.1,3.0883,34.841,2
190011,259,105.0,58.167,-41.278999999999996,863.4,3.0788,34.858000000000004,2
190012,259,105.0,58.167,-41.278999999999996,963.4,2.989,34.852,2
190013,259,105.0,58.167,-41.278999999999996,1063.8,2.9361,34.85,2
190014,259,105.0,58.167,-41.278999999999996,1266.2,2.8624,34.846,2
190039,259,106.0,57.74100000000001,-40.760999999999996,707.2,2.9666,34.821999999999996,2
190040,259,106.0,57.74100000000001,-40.760999999999996,777.2,2.9479,34.821,2
190042,259,106.0,57.74100000000001,-40.760999999999996,1007.8,3.0526,34.858000000000004,2
190043,259,106.0,57.74100000000001,-40.760999999999996,1207.6,2.9505,34.854,2
190044,259,106.0,57.74100000000001,-40.760999999999996,1327.9,2.9181,34.855,2
190066,259,107.0,57.348,-40.225,566.1,2.9964,34.826,2
190068,259,107.0,57.348,-40.225,805.6,3.0745,34.853,2
190069,259,107.0,57.348,-40.225,954.7,3.0062,34.857,2
190070,259,107.0,57.348,-40.225,1106.0,2.9195,34.848,2
190071,259,107.0,57.348,-40.225,1307.8,2.8587,34.845,2
190097,259,108.0,56.93600000000001,-39.684,848.2,3.0848,34.857,2
190098,259,108.0,56.93600000000001,-39.684,1008.8,2.9922,34.855,2
190099,259,108.0,56.93600000000001,-39.684,1211.7,2.9143,34.851,2
190100,259,108.0,56.93600000000001,-39.684,1415.0,2.8487,34.852,2
190128,259,109.0,56.516000000000005,-39.169000000000004,1181.6,3.0086,34.859,2
190129,259,109.0,56.516000000000005,-39.169000000000004,1384.3,2.9035,34.858000000000004,2
190159,259,110.0,56.122,-38.649,1175.4,3.0866,34.865,2
190160,259,110.0,56.122,-38.649,1308.2,3.0024,34.864000000000004,2
190161,259,110.0,56.122,-38.649,1461.0,2.9347,34.861,2
190191,259,111.0,55.702,-38.129,1415.7,2.9288,34.863,2
190218,259,112.0,55.283,-37.639,1265.2,3.0901,34.875,2
190219,259,112.0,55.283,-37.639,1385.4,3.0301,34.872,2
215443,308,22.0,45.677,-47.864,1185.3,3.0479,34.847,2
215458,308,23.0,47.083,-47.049,1003.3,3.0761,34.846,2
215459,308,23.0,47.083,-47.049,1107.6,3.0025,34.847,2
215474,308,24.0,47.086999999999996,-46.675,1072.0,2.9984,34.848,2
215504,308,28.0,48.368,-44.536,828.4,3.0338,34.845,2
215505,308,28.0,48.368,-44.536,901.5,3.0015,34.847,2
215513,308,29.0,48.637,-44.388000000000005,502.0,2.7545,34.751,2
215514,308,29.0,48.637,-44.388000000000005,603.0,2.7845,34.764,2
215515,308,29.0,48.637,-44.388000000000005,651.5,2.9552,34.782,2
215516,308,29.0,48.637,-44.388000000000005,700.8,3.0074,34.793,2
215520,308,29.0,48.637,-44.388000000000005,1154.1,3.0583,34.852,2
215521,308,29.0,48.637,-44.388000000000005,1302.6,3.0107,34.854,2
215522,308,29.0,48.637,-44.388000000000005,1454.3,2.9783,34.86,2
215537,308,30.0,48.95,-44.183,1003.4,3.0791,34.853,2
215538,308,30.0,48.95,-44.183,1102.8,3.0425,34.853,2
215539,308,30.0,48.95,-44.183,1201.7,3.003,34.855,2
215540,308,30.0,48.95,-44.183,1354.0,3.0242,34.873000000000005,2
215560,308,31.0,49.13399999999999,-44.0,1103.0,3.0296,34.852,2
215561,308,31.0,49.13399999999999,-44.0,1253.7,2.9909,34.853,2
215562,308,31.0,49.13399999999999,-44.0,1403.3,3.0538,34.875,2
215582,308,32.0,49.333,-43.818999999999996,1102.9,3.0782,34.851,2
215583,308,32.0,49.333,-43.818999999999996,1303.3,3.0611,34.86,2
215698,308,37.0,48.708999999999996,-44.217,501.8,2.7605,34.778,2
215699,308,37.0,48.708999999999996,-44.217,602.6,2.7905,34.784,2
215700,308,37.0,48.708999999999996,-44.217,651.9,2.9184,34.801,2
215701,308,37.0,48.708999999999996,-44.217,702.6,3.051,34.823,2
215703,308,37.0,48.708999999999996,-44.217,1003.8,3.083,34.852,2
215710,308,38.0,48.787,-44.123999999999995,500.0,2.9648,34.806,2
215715,308,38.0,48.787,-44.123999999999995,1011.2,3.0418,34.852,2
215727,308,39.0,48.773,-44.297,1002.1,3.0335,34.853,2
215734,308,40.0,48.636,-44.276,502.0,3.0304,34.815,2
215739,308,40.0,48.636,-44.276,1003.7,3.0443,34.852,2
215760,308,42.0,53.95,-46.43,801.2,2.9842,34.833,2
215761,308,42.0,53.95,-46.43,902.3,3.0173,34.843,2
215762,308,42.0,53.95,-46.43,1052.7,2.9741,34.841,2
215763,308,42.0,53.95,-46.43,1252.9,2.9127,34.839,2
215764,308,42.0,53.95,-46.43,1452.9,2.9102,34.842,2
215782,308,43.0,55.2,-47.13399999999999,500.9,2.8611,34.827,2
215783,308,43.0,55.2,-47.13399999999999,599.9,2.8862,34.832,2
215784,308,43.0,55.2,-47.13399999999999,701.6,2.8055,34.824,2
215785,308,43.0,55.2,-47.13399999999999,826.7,2.7905,34.823,2
215786,308,43.0,55.2,-47.13399999999999,951.8,2.7853,34.824,2
215787,308,43.0,55.2,-47.13399999999999,1151.6,2.7761,34.823,2
215788,308,43.0,55.2,-47.13399999999999,1352.6,2.8008,34.829,2
215805,308,44.0,58.31,-42.638999999999996,700.8,3.0919,34.86,2
215806,308,44.0,58.31,-42.638999999999996,910.8,3.0038,34.85,2
215807,308,44.0,58.31,-42.638999999999996,1051.9,2.9632,34.847,2
215808,308,44.0,58.31,-42.638999999999996,1202.8,2.9415,34.847,2
215809,308,44.0,58.31,-42.638999999999996,1353.2,2.9402,34.849000000000004,2
215830,308,45.0,58.501000000000005,-42.685,651.6,3.0387,34.853,2
215831,308,45.0,58.501000000000005,-42.685,851.0,2.9864,34.847,2
215832,308,45.0,58.501000000000005,-42.685,1051.4,2.9464,34.843,2
215833,308,45.0,58.501000000000005,-42.685,1177.9,2.9118,34.84,2
215834,308,45.0,58.501000000000005,-42.685,1303.7,2.9067,34.841,2
215835,308,45.0,58.501000000000005,-42.685,1402.7,2.8867,34.842,2
215860,308,46.0,58.663999999999994,-42.801,1101.6,3.0605,34.856,2
215861,308,46.0,58.663999999999994,-42.801,1202.4,3.0158,34.85,2
215862,308,46.0,58.663999999999994,-42.801,1302.1,2.983,34.848,2
215863,308,46.0,58.663999999999994,-42.801,1402.5,2.9579,34.849000000000004,2
215877,308,47.0,58.082,-42.498000000000005,600.4,2.9598,34.845,2
215878,308,47.0,58.082,-42.498000000000005,802.2,2.8887,34.836999999999996,2
215879,308,47.0,58.082,-42.498000000000005,1002.0,2.8718,34.836999999999996,2
215880,308,47.0,58.082,-42.498000000000005,1202.6,2.8405,34.835,2
215881,308,47.0,58.082,-42.498000000000005,1402.7,2.8274,34.834,2
282032,392,9.0,59.8,-42.003,1397.3,2.9434,34.878,2
282033,392,9.0,59.8,-42.003,1446.5,2.9245,34.876999999999995,2
282057,392,10.0,59.795,-41.728,1396.2,2.9386,34.876,2
282079,392,11.0,59.773,-41.29600000000001,1396.0,3.0118,34.885999999999996,2
282080,392,11.0,59.773,-41.29600000000001,1495.2,2.9086,34.888000000000005,2
282081,392,11.0,59.773,-41.29600000000001,1496.3,2.9085,34.885999999999996,2
282107,392,12.0,59.756,-40.904,1395.2,3.0396,34.882,2
282130,392,13.0,59.724,-40.251999999999995,1396.7,3.0731,34.882,2
282158,392,14.0,59.685,-39.6,1395.7,3.09,34.884,2
284349,393,9.0,59.653999999999996,-41.816,1398.9,2.9631,34.885,2
284444,393,18.0,59.791000000000004,-41.985,1494.9,3.0559,34.888000000000005,2
284464,393,19.0,59.788999999999994,-41.736000000000004,1396.8,2.9504,34.889,2
284465,393,19.0,59.788999999999994,-41.736000000000004,1495.1,2.7583,34.888000000000005,2
284488,393,20.0,59.751000000000005,-41.282,1395.1,2.9337,34.889,2
298222,660,36.0,59.391999999999996,-36.85,1419.5,3.0781,34.872,2
298243,660,37.0,59.465,-37.778,1418.5,3.0564,34.873000000000005,2
298265,660,38.0,59.57,-38.772,1416.0,3.0972,34.873000000000005,2
298287,660,39.0,59.667,-39.745,1418.4,3.0446,34.874,2
298308,660,40.0,59.745,-40.743,1418.6,3.0663,34.876,2
298327,660,41.0,59.845,-41.748000000000005,1216.8,2.967,34.885999999999996,2
301828,666,10.0,59.853,-41.756,1499.0,3.0347,34.911,2
308484,672,38.0,59.227,-35.925,1212.4,3.0915,34.861999999999995,2
308508,672,39.0,59.353,-36.895,1315.2,3.0604,34.854,2
308523,672,40.0,59.456,-37.778,1307.3,2.9492,34.845,2
308524,672,40.0,59.456,-37.778,1307.3,2.9492,34.845,2
308525,672,40.0,59.456,-37.778,1307.3,2.9492,34.845,2
308526,672,40.0,59.456,-37.778,1308.3,2.9487,34.845,2
308527,672,40.0,59.456,-37.778,1308.3,2.9487,34.845,2
308528,672,40.0,59.456,-37.778,1308.3,2.9487,34.845,2
308529,672,40.0,59.456,-37.778,1309.3,2.9483,34.845,2
308530,672,40.0,59.456,-37.778,1310.3,2.9478,34.845,2
308531,672,40.0,59.456,-37.778,1311.3,2.9475,34.845,2
308532,672,40.0,59.456,-37.778,1311.3,2.9475,34.845,2
308533,672,40.0,59.456,-37.778,1312.3,2.9473,34.845,2
308534,672,40.0,59.456,-37.778,1312.3,2.9473,34.845,2
308535,672,40.0,59.456,-37.778,1313.3,2.947,34.845,2
308536,672,40.0,59.456,-37.778,1313.3,2.947,34.845,2
308537,672,40.0,59.456,-37.778,1314.3,2.9468,34.845,2
308538,672,40.0,59.456,-37.778,1314.3,2.9468,34.845,2
308539,672,40.0,59.456,-37.778,1314.3,2.9468,34.845,2
308540,672,40.0,59.456,-37.778,1314.3,2.9468,34.845,2
308541,672,40.0,59.456,-37.778,1315.2,2.9469,34.845,2
308542,672,40.0,59.456,-37.778,1315.2,2.9469,34.845,2
308543,672,40.0,59.456,-37.778,1315.2,2.9469,34.845,2
308544,672,40.0,59.456,-37.778,1315.2,2.9469,34.845,2
308545,672,40.0,59.456,-37.778,1315.2,2.9469,34.845,2
308546,672,40.0,59.456,-37.778,1316.3,2.947,34.845,2
308554,672,41.0,59.461000000000006,-37.836,910.86,3.0537,34.855,2
308555,672,41.0,59.461000000000006,-37.836,1112.5,2.9884,34.848,2
308556,672,41.0,59.461000000000006,-37.836,1315.2,2.9356,34.843,2
308578,672,42.0,59.544,-38.855,908.83,3.0999,34.86,2
308579,672,42.0,59.544,-38.855,1110.6,3.0451,34.854,2
308580,672,42.0,59.544,-38.855,1315.2,2.9825,34.848,2
308604,672,43.0,59.783,-40.743,1315.2,3.0669999999999997,34.858000000000004,2
308605,672,43.0,59.783,-40.743,1389.2,3.0345,34.857,2
308606,672,43.0,59.783,-40.743,1467.1,3.0805,34.869,2
308627,672,44.0,59.666000000000004,-39.747,1113.5,3.0853,34.857,2
308628,672,44.0,59.666000000000004,-39.747,1314.3,3.0107,34.85,2
329560,693,75.0,55.748999999999995,-37.213,1117.9,3.0745,34.871,2
329561,693,75.0,55.748999999999995,-37.213,1213.9,2.9878,34.864000000000004,2
329562,693,75.0,55.748999999999995,-37.213,1419.7,2.8937,34.858000000000004,2
329584,693,76.0,56.141000000000005,-37.779,1166.0,3.0854,34.873000000000005,2
329585,693,76.0,56.141000000000005,-37.779,1372.1,2.964,34.861999999999995,2
329609,693,77.0,56.522,-38.358000000000004,1278.9,3.0529,34.859,2
329632,693,78.0,56.926,-38.907,1281.6,3.0808,34.881,2
329653,693,79.0,57.306999999999995,-39.466,1013.8,3.0665,34.859,2
329654,693,79.0,57.306999999999995,-39.466,1117.5,3.0380000000000003,34.861999999999995,2
329655,693,79.0,57.306999999999995,-39.466,1215.3,2.9844,34.857,2
329656,693,79.0,57.306999999999995,-39.466,1412.5,2.8930000000000002,34.851,2
329679,693,80.0,57.703,-40.046,1173.1,3.0829,34.859,2
329680,693,80.0,57.703,-40.046,1369.3,2.9802,34.855,2
329702,693,81.0,58.083999999999996,-40.622,1021.8,3.0931,34.865,2
329703,693,81.0,58.083999999999996,-40.622,1131.7,3.0061,34.858000000000004,2
329704,693,81.0,58.083999999999996,-40.622,1287.5,2.9294,34.854,2
329724,693,82.0,58.407,-41.06399999999999,1015.9,2.9976,34.853,2
329725,693,82.0,58.407,-41.06399999999999,1224.1,2.9382,34.853,2
329726,693,82.0,58.407,-41.06399999999999,1436.0,2.8663,34.849000000000004,2
329746,693,83.0,58.68899999999999,-41.477,994.0,3.0065,34.857,2
329747,693,83.0,58.68899999999999,-41.477,1195.2,2.898,34.85,2
329748,693,83.0,58.68899999999999,-41.477,1396.1,2.8385,34.848,2
329772,693,84.0,58.858000000000004,-41.742,947.4,3.0212,34.861,2
329773,693,84.0,58.858000000000004,-41.742,1091.0,2.9249,34.853,2
329774,693,84.0,58.858000000000004,-41.742,1284.2,2.8516,34.851,2
329775,693,84.0,58.858000000000004,-41.742,1488.1,2.7993,34.847,2
329798,693,85.0,58.992,-41.92100000000001,1010.8,3.0442,34.863,2
329799,693,85.0,58.992,-41.92100000000001,1207.8,2.9051,34.852,2
329800,693,85.0,58.992,-41.92100000000001,1406.8,2.8342,34.848,2
329824,693,86.0,59.132,-42.13399999999999,1096.3,3.0893,34.87,2
329825,693,86.0,59.132,-42.13399999999999,1194.7,3.0105,34.865,2
329826,693,86.0,59.132,-42.13399999999999,1390.6,2.8557,34.852,2
329849,693,87.0,59.291000000000004,-42.428000000000004,1150.0,3.0305,34.869,2
329850,693,87.0,59.291000000000004,-42.428000000000004,1301.0,2.8599,34.855,2
329851,693,87.0,59.291000000000004,-42.428000000000004,1499.6,2.8615,34.876,2
329876,693,88.0,59.449,-42.645,1396.9,2.9871,34.871,2
360274,1006,428.0,47.0,-43.266000000000005,1497.3,3.0469999999999997,34.907,2
366335,1009,814.0,58.658,-43.826,1499.9,2.8736,34.902,2
410018,1048,99.0,58.657,-43.739,1409.6,3.0523,34.907,2
410032,1048,100.0,58.868,-43.74100000000001,1398.0,2.9765,34.906,2
428285,2004,441.0,49.339,-44.2215,1499.4,3.0958775516367103,34.9212,2
430906,2005,141.0,48.9995,-45.001000000000005,1498.3,3.0634501778712098,34.92,2
432758,2006,232.0,58.7502,-43.666000000000004,1497.2,2.8063138416159905,34.9222,2
432759,2006,232.0,58.7502,-43.666000000000004,1499.5,2.80414523281393,34.9222,2
448494,2026,57.0,58.8233,-43.8472,1398.7,3.01298818678979,34.9229,2
448495,2026,57.0,58.8233,-43.8472,1496.2,2.81194406320023,34.9178,2
