LATITUDE;LONGITUDE;CTDPRS;CTDTPOT;CTDSAL;EDW;ENACW12;WNACW7;SPMW;SACWT12;SACWE12;WW;AAIW5;AAIW3;MW;LSW;ISOW;DSOW;CDW;WSDW
37,125;-68,051;440,4;17,782;36,537;1;0;0;0;0;0;0;0;0;0;0;0;0;0;0
36,195;-67,44;317,1;17,893;36,541;1;0;0;0;0;0;0;0;0;0;0;0;0;0;0
35,705;-67,173;467,6;17,781;36,526;1;0;0;0;0;0;0;0;0;0;0;0;0;0;0
35,224;-66,885;301,7;17,933;36,553;1;0;0;0;0;0;0;0;0;0;0;0;0;0;0
35,224;-66,885;351,3;17,726;36,523;1;0;0;0;0;0;0;0;0;0;0;0;0;0;0
34,74;-66,581;369,5;17,904;36,551;1;0;0;0;0;0;0;0;0;0;0;0;0;0;0
34,261;-66,293;468,6;17,757;36,529;1;0;0;0;0;0;0;0;0;0;0;0;0;0;0
33,784;-65,991;352,4;17,889;36,548;1;0;0;0;0;0;0;0;0;0;0;0;0;0;0
33,353;-65,595;317,8;17,926;36,557;1;0;0;0;0;0;0;0;0;0;0;0;0;0;0
32,648;-64,929;352,3;17,756;36,532;1;0;0;0;0;0;0;0;0;0;0;0;0;0;0
31,906;-65,042;317,2;17,959;36,559;1;0;0;0;0;0;0;0;0;0;0;0;0;0;0
31,31;-65,287;386,8;17,821;36,545;1;0;0;0;0;0;0;0;0;0;0;0;0;0;0
30,608;-65,339;351,6;17,833;36,549;1;0;0;0;0;0;0;0;0;0;0;0;0;0;0
36,322;-69,746;408,43;17,683;36,533;1;0;0;0;0;0;0;0;0;0;0;0;0;0;0
36,102;-69,701;408,22;17,975;36,55;1;0;0;0;0;0;0;0;0;0;0;0;0;0;0
36,254;-63,018;307,1;17,841;36,536;1;0;0;0;0;0;0;0;0;0;0;0;0;0;0
36,237;-61,174;306,72;17,882;36,528;1;0;0;0;0;0;0;0;0;0;0;0;0;0;0
36,237;-59,915;407,26;17,924;36,56;1;0;0;0;0;0;0;0;0;0;0;0;0;0;0
36,237;-55,614;306,34;17,749;36,534;1;0;0;0;0;0;0;0;0;0;0;0;0;0;0
36,271;-56,476;303,7;18,059;36,523;1;0;0;0;0;0;0;0;0;0;0;0;0;0;0
36,251;-59,004;381,4;17,982;36,531;1;0;0;0;0;0;0;0;0;0;0;0;0;0;0
36,276;-59,591;296,8;18,065;36,541;1;0;0;0;0;0;0;0;0;0;0;0;0;0;0
36,239;-62,156;295,4;18,102;36,541;1;0;0;0;0;0;0;0;0;0;0;0;0;0;0
36,258;-63,44;303,2;18,232;36,554;1;0;0;0;0;0;0;0;0;0;0;0;0;0;0
36,323;-69,376;381;18,171;36,543;1;0;0;0;0;0;0;0;0;0;0;0;0;0;0
36,893;-70,608;426,3;17,965;36,527;1;0;0;0;0;0;0;0;0;0;0;0;0;0;0
37,084;-71,025;388,2;17,97;36,533;1;0;0;0;0;0;0;0;0;0;0;0;0;0;0
39,246;-58,801;330,1;18,353;36,554;1;0;0;0;0;0;0;0;0;0;0;0;0;0;0
37,417;-61,31;405,8;18,012;36,556;1;0;0;0;0;0;0;0;0;0;0;0;0;0;0
37,417;-61,31;453,2;17,874;36,535;1;0;0;0;0;0;0;0;0;0;0;0;0;0;0
37,188;-66,073;477,9;17,884;36,535;1;0;0;0;0;0;0;0;0;0;0;0;0;0;0
37,31;-66,047;449,4;17,885;36,54;1;0;0;0;0;0;0;0;0;0;0;0;0;0;0
37,568;-65,563;349,8;17,921;36,543;1;0;0;0;0;0;0;0;0;0;0;0;0;0;0
38,591;-61,504;399,2;17,995;36,546;1;0;0;0;0;0;0;0;0;0;0;0;0;0;0
38,205;-59,192;459,8;17,83;36,531;1;0;0;0;0;0;0;0;0;0;0;0;0;0;0
38,048;-59,107;450,6;17,932;36,548;1;0;0;0;0;0;0;0;0;0;0;0;0;0;0
36,589;-65,246;401,6;17,913;36,538;1;0;0;0;0;0;0;0;0;0;0;0;0;0;0
37,236;-65,348;402,9;17,8;36,521;1;0;0;0;0;0;0;0;0;0;0;0;0;0;0
37,487;-65,46;450,6;17,849;36,531;1;0;0;0;0;0;0;0;0;0;0;0;0;0;0
38,016;-65,516;375;17,913;36,536;1;0;0;0;0;0;0;0;0;0;0;0;0;0;0
37,475;-61,468;350,6;17,967;36,552;1;0;0;0;0;0;0;0;0;0;0;0;0;0;0
38,219;-55,576;301,2;17,665;36,534;1;0;0;0;0;0;0;0;0;0;0;0;0;0;0
38,219;-55,576;349,7;17,661;36,533;1;0;0;0;0;0;0;0;0;0;0;0;0;0;0
38,219;-55,576;398,4;17,662;36,535;1;0;0;0;0;0;0;0;0;0;0;0;0;0;0
38,219;-55,576;449,5;17,658;36,534;1;0;0;0;0;0;0;0;0;0;0;0;0;0;0
36,039;-59,579;475,7;17,955;36,559;1;0;0;0;0;0;0;0;0;0;0;0;0;0;0
35,355;-61;349,4;17,98;36,551;1;0;0;0;0;0;0;0;0;0;0;0;0;0;0
35,06;-62,01;325,3;17,856;36,558;1;0;0;0;0;0;0;0;0;0;0;0;0;0;0
35,416;-66,547;422,6;17,623;36,532;1;0;0;0;0;0;0;0;0;0;0;0;0;0;0
31,756;-64,179;340,8;17,754;36,542;1;0;0;0;0;0;0;0;0;0;0;0;0;0;0
30,823;-60,787;347,3;17,786;36,537;1;0;0;0;0;0;0;0;0;0;0;0;0;0;0
44,5;-18;299,18;12,362;35,647;0;1;0;0;0;0;0;0;0;0;0;0;0;0;0
44;-18;298,84;12,307;35,647;0;1;0;0;0;0;0;0;0;0;0;0;0;0;0
43;-18;148,82;12,539;35,655;0;1;0;0;0;0;0;0;0;0;0;0;0;0;0
42,5;-18;197,23;12,506;35,664;0;1;0;0;0;0;0;0;0;0;0;0;0;0;0
42;-18;399;12,236;35,643;0;1;0;0;0;0;0;0;0;0;0;0;0;0;0
40,5;-18;299;12,54;35,671;0;1;0;0;0;0;0;0;0;0;0;0;0;0;0
39,5;-18;298,54;12,425;35,664;0;1;0;0;0;0;0;0;0;0;0;0;0;0;0
39;-18;297,65;12,447;35,667;0;1;0;0;0;0;0;0;0;0;0;0;0;0;0
39;-18,66;399,56;12,094;35,655;0;1;0;0;0;0;0;0;0;0;0;0;0;0;0
39;-19,33;397,37;11,994;35,641;0;1;0;0;0;0;0;0;0;0;0;0;0;0;0
39,5;-19,33;397,9;12,069;35,641;0;1;0;0;0;0;0;0;0;0;0;0;0;0;0
39,5;-18,66;396,88;12,341;35,669;0;1;0;0;0;0;0;0;0;0;0;0;0;0;0
40;-18,66;398,48;12,324;35,65;0;1;0;0;0;0;0;0;0;0;0;0;0;0;0
40;-19,33;398,12;12,277;35,65;0;1;0;0;0;0;0;0;0;0;0;0;0;0;0
40,5;-18,66;399,32;12,123;35,663;0;1;0;0;0;0;0;0;0;0;0;0;0;0;0
41,5;-18,66;398,06;12,368;35,66;0;1;0;0;0;0;0;0;0;0;0;0;0;0;0
43,5;-19,33;198,41;12,586;35,673;0;1;0;0;0;0;0;0;0;0;0;0;0;0;0
41;-19,33;398,84;12,285;35,662;0;1;0;0;0;0;0;0;0;0;0;0;0;0;0
41;-20;398,54;12,418;35,662;0;1;0;0;0;0;0;0;0;0;0;0;0;0;0
42,5;-20;298,59;12,474;35,666;0;1;0;0;0;0;0;0;0;0;0;0;0;0;0
43;-20;299,72;12,543;35,668;0;1;0;0;0;0;0;0;0;0;0;0;0;0;0
44,5;-19,33;150,2;12,523;35,654;0;1;0;0;0;0;0;0;0;0;0;0;0;0;0
44;-20,66;300,66;12,374;35,643;0;1;0;0;0;0;0;0;0;0;0;0;0;0;0
42;-21,33;287,94;12,4;35,65;0;1;0;0;0;0;0;0;0;0;0;0;0;0;0
39,5;-20,66;398,79;12,151;35,669;0;1;0;0;0;0;0;0;0;0;0;0;0;0;0
39,5;-20;298,23;12,442;35,669;0;1;0;0;0;0;0;0;0;0;0;0;0;0;0
47,665;-20,556;96,9;12,679;35,673;0;1;0;0;0;0;0;0;0;0;0;0;0;0;0
45,795;-19,091;196,5;12,464;35,677;0;1;0;0;0;0;0;0;0;0;0;0;0;0;0
44,377;-17,817;297,3;12,252;35,653;0;1;0;0;0;0;0;0;0;0;0;0;0;0;0
44,077;-17,426;297,2;12,185;35,641;0;1;0;0;0;0;0;0;0;0;0;0;0;0;0
42,581;-15,458;296,4;12,402;35,663;0;1;0;0;0;0;0;0;0;0;0;0;0;0;0
41,084;-13,491;297,2;12,438;35,664;0;1;0;0;0;0;0;0;0;0;0;0;0;0;0
40,786;-13,098;196,4;12,519;35,673;0;1;0;0;0;0;0;0;0;0;0;0;0;0;0
40,551;-12,646;196,9;12,261;35,645;0;1;0;0;0;0;0;0;0;0;0;0;0;0;0
47,289;-20,257;136,4;12,2;35,652;0;1;0;0;0;0;0;0;0;0;0;0;0;0;0
46,54;-19,671;396,5;12,301;35,678;0;1;0;0;0;0;0;0;0;0;0;0;0;0;0
46,17;-19,384;397,5;12,323;35,679;0;1;0;0;0;0;0;0;0;0;0;0;0;0;0
45,789;-19,102;296,8;12,178;35,646;0;1;0;0;0;0;0;0;0;0;0;0;0;0;0
45,049;-18,502;298,1;12,074;35,657;0;1;0;0;0;0;0;0;0;0;0;0;0;0;0
44,227;-17,622;289,7;12,143;35,64;0;1;0;0;0;0;0;0;0;0;0;0;0;0;0
43,18;-16,246;297,9;12,271;35,668;0;1;0;0;0;0;0;0;0;0;0;0;0;0;0
43,03;-16,044;297,5;12,329;35,679;0;1;0;0;0;0;0;0;0;0;0;0;0;0;0
42,881;-15,85;296,6;12,281;35,671;0;1;0;0;0;0;0;0;0;0;0;0;0;0;0
42,278;-15,068;346,6;12,166;35,652;0;1;0;0;0;0;0;0;0;0;0;0;0;0;0
41,683;-14,278;296,8;12,15;35,653;0;1;0;0;0;0;0;0;0;0;0;0;0;0;0
41,383;-13,888;296,7;12,201;35,661;0;1;0;0;0;0;0;0;0;0;0;0;0;0;0
41,086;-13,491;296,5;12,36;35,679;0;1;0;0;0;0;0;0;0;0;0;0;0;0;0
40,549;-12,643;296,6;12,116;35,649;0;1;0;0;0;0;0;0;0;0;0;0;0;0;0
40,333;-12,22;285,6;12,207;35,659;0;1;0;0;0;0;0;0;0;0;0;0;0;0;0
40,332;-12,213;300,3;11,954;35,672;0;1;0;0;0;0;0;0;0;0;0;0;0;0;0
40,787;-13,1;300,3;12,128;35,678;0;1;0;0;0;0;0;0;0;0;0;0;0;0;0
41,084;-13,487;399,6;11,917;35,663;0;1;0;0;0;0;0;0;0;0;0;0;0;0;0
41,682;-14,278;300,2;12,03;35,664;0;1;0;0;0;0;0;0;0;0;0;0;0;0;0
41,981;-14,673;299,9;12,079;35,653;0;1;0;0;0;0;0;0;0;0;0;0;0;0;0
42,281;-15,063;300;12,288;35,68;0;1;0;0;0;0;0;0;0;0;0;0;0;0;0
43,183;-16,246;299,8;12,16;35,662;0;1;0;0;0;0;0;0;0;0;0;0;0;0;0
44,377;-17,817;400,7;12,447;35,671;0;1;0;0;0;0;0;0;0;0;0;0;0;0;0
44,674;-18,211;401,8;12,137;35,655;0;1;0;0;0;0;0;0;0;0;0;0;0;0;0
45,052;-18,504;399,5;12,261;35,641;0;1;0;0;0;0;0;0;0;0;0;0;0;0;0
45,419;-18,795;201,2;12,305;35,653;0;1;0;0;0;0;0;0;0;0;0;0;0;0;0
47,291;-20,264;200,4;12,386;35,661;0;1;0;0;0;0;0;0;0;0;0;0;0;0;0
47,663;-20,56;200,7;12,366;35,654;0;1;0;0;0;0;0;0;0;0;0;0;0;0;0
42,581;-15,461;201,1;12,105;35,678;0;1;0;0;0;0;0;0;0;0;0;0;0;0;0
42,581;-15,461;299,2;11,98;35,677;0;1;0;0;0;0;0;0;0;0;0;0;0;0;0
44,377;-17,817;300,1;11,984;35,671;0;1;0;0;0;0;0;0;0;0;0;0;0;0;0
44,674;-18,211;198,6;12,064;35,676;0;1;0;0;0;0;0;0;0;0;0;0;0;0;0
44,674;-18,211;299,4;11,912;35,665;0;1;0;0;0;0;0;0;0;0;0;0;0;0;0
45,051;-18,505;199,4;11,955;35,661;0;1;0;0;0;0;0;0;0;0;0;0;0;0;0
45,422;-18,797;300,6;12,031;35,654;0;1;0;0;0;0;0;0;0;0;0;0;0;0;0
46,17;-19,381;300,4;12,144;35,68;0;1;0;0;0;0;0;0;0;0;0;0;0;0;0
46,544;-19,672;298,8;11,993;35,644;0;1;0;0;0;0;0;0;0;0;0;0;0;0;0
46,001;-12,667;100,1;12,078;35,644;0;1;0;0;0;0;0;0;0;0;0;0;0;0;0
47,263;-21,978;99,916;12,459;35,679;0;1;0;0;0;0;0;0;0;0;0;0;0;0;0
46,95;-20,033;95,925;12,476;35,673;0;1;0;0;0;0;0;0;0;0;0;0;0;0;0
46,95;-20,033;102,9;12,4;35,658;0;1;0;0;0;0;0;0;0;0;0;0;0;0;0
44,002;-20,007;195,87;12,307;35,66;0;1;0;0;0;0;0;0;0;0;0;0;0;0;0
42,003;-19,983;123,97;12,48;35,673;0;1;0;0;0;0;0;0;0;0;0;0;0;0;0
42,003;-19,983;149,98;12,269;35,657;0;1;0;0;0;0;0;0;0;0;0;0;0;0;0
42,003;-19,983;200,91;12,252;35,651;0;1;0;0;0;0;0;0;0;0;0;0;0;0;0
39,013;-20,005;249,02;12,538;35,664;0;1;0;0;0;0;0;0;0;0;0;0;0;0;0
45;-20;152;12,01;35,667;0;1;0;0;0;0;0;0;0;0;0;0;0;0;0
45;-20;154;11,993;35,666;0;1;0;0;0;0;0;0;0;0;0;0;0;0;0
45;-20;157;11,989;35,665;0;1;0;0;0;0;0;0;0;0;0;0;0;0;0
46;-19,99;150;12,054;35,677;0;1;0;0;0;0;0;0;0;0;0;0;0;0;0
46;-19,99;152;12,046;35,676;0;1;0;0;0;0;0;0;0;0;0;0;0;0;0
46;-19,99;225;11,956;35,668;0;1;0;0;0;0;0;0;0;0;0;0;0;0;0
46;-19,99;228;11,952;35,667;0;1;0;0;0;0;0;0;0;0;0;0;0;0;0
47,057;-19,9;75;12,113;35,668;0;1;0;0;0;0;0;0;0;0;0;0;0;0;0
47,057;-19,9;101;12,134;35,679;0;1;0;0;0;0;0;0;0;0;0;0;0;0;0
47,057;-19,9;103;12,192;35,677;0;1;0;0;0;0;0;0;0;0;0;0;0;0;0
47,057;-19,9;103;12,19;35,677;0;1;0;0;0;0;0;0;0;0;0;0;0;0;0
47,057;-19,9;103;12,194;35,677;0;1;0;0;0;0;0;0;0;0;0;0;0;0;0
47,057;-19,9;103;12,192;35,677;0;1;0;0;0;0;0;0;0;0;0;0;0;0;0
47,057;-19,9;103;12,193;35,678;0;1;0;0;0;0;0;0;0;0;0;0;0;0;0
47,057;-19,9;104;12,187;35,676;0;1;0;0;0;0;0;0;0;0;0;0;0;0;0
47,057;-19,9;151;12,11;35,678;0;1;0;0;0;0;0;0;0;0;0;0;0;0;0
47,057;-19,9;151;12,114;35,68;0;1;0;0;0;0;0;0;0;0;0;0;0;0;0
47,057;-19,9;151;12,116;35,679;0;1;0;0;0;0;0;0;0;0;0;0;0;0;0
47,057;-19,9;151;12,121;35,68;0;1;0;0;0;0;0;0;0;0;0;0;0;0;0
47,057;-19,9;152;12,118;35,679;0;1;0;0;0;0;0;0;0;0;0;0;0;0;0
47,057;-19,9;152;12,12;35,68;0;1;0;0;0;0;0;0;0;0;0;0;0;0;0
47,057;-19,9;153;12,003;35,671;0;1;0;0;0;0;0;0;0;0;0;0;0;0;0
47,333;-20;103;12,031;35,66;0;1;0;0;0;0;0;0;0;0;0;0;0;0;0
41,406;-12,299;151,19;12,405;35,655;0;1;0;0;0;0;0;0;0;0;0;0;0;0;0
41,406;-12,299;161,96;12,298;35,645;0;1;0;0;0;0;0;0;0;0;0;0;0;0;0
41,303;-14,3;279,92;12,402;35,676;0;1;0;0;0;0;0;0;0;0;0;0;0;0;0
41,303;-14,3;289,92;12,351;35,667;0;1;0;0;0;0;0;0;0;0;0;0;0;0;0
41,303;-14,3;302,49;12,167;35,646;0;1;0;0;0;0;0;0;0;0;0;0;0;0;0
41,209;-16,003;220,94;12,45;35,672;0;1;0;0;0;0;0;0;0;0;0;0;0;0;0
41,209;-16,003;231,94;12,389;35,666;0;1;0;0;0;0;0;0;0;0;0;0;0;0;0
41,209;-16,003;240,94;12,338;35,659;0;1;0;0;0;0;0;0;0;0;0;0;0;0;0
41,209;-16,003;252,05;12,251;35,651;0;1;0;0;0;0;0;0;0;0;0;0;0;0;0
41,209;-16,003;270,93;12,194;35,642;0;1;0;0;0;0;0;0;0;0;0;0;0;0;0
41,154;-18,488;179,96;12,476;35,677;0;1;0;0;0;0;0;0;0;0;0;0;0;0;0
41,154;-18,488;191,53;12,432;35,672;0;1;0;0;0;0;0;0;0;0;0;0;0;0;0
41,154;-18,488;210,95;12,302;35,655;0;1;0;0;0;0;0;0;0;0;0;0;0;0;0
41,154;-18,488;220,94;12,251;35,648;0;1;0;0;0;0;0;0;0;0;0;0;0;0;0
41,096;-20,595;280,93;12,362;35,664;0;1;0;0;0;0;0;0;0;0;0;0;0;0;0
41,047;-23,098;291,93;12,431;35,669;0;1;0;0;0;0;0;0;0;0;0;0;0;0;0
41,047;-23,098;302,49;12,379;35,666;0;1;0;0;0;0;0;0;0;0;0;0;0;0;0
41,047;-23,098;322,92;12,247;35,644;0;1;0;0;0;0;0;0;0;0;0;0;0;0;0
41,047;-23,098;330,92;12,216;35,642;0;1;0;0;0;0;0;0;0;0;0;0;0;0;0
39,297;-23,108;291,57;12,456;35,665;0;1;0;0;0;0;0;0;0;0;0;0;0;0;0
39,297;-23,108;302,49;12,351;35,661;0;1;0;0;0;0;0;0;0;0;0;0;0;0;0
39,297;-23,108;321,07;12,263;35,642;0;1;0;0;0;0;0;0;0;0;0;0;0;0;0
42,014;-19,562;307,54;11,96;35,676;0;1;0;0;0;0;0;0;0;0;0;0;0;0;0
44,597;-23,484;216,74;12,14;35,66;0;1;0;0;0;0;0;0;0;0;0;0;0;0;0
47,985;-15,949;36,478;11,94;35,65;0;1;0;0;0;0;0;0;0;0;0;0;0;0;0
45,567;-16,126;5,0381;12,329;35,678;0;1;0;0;0;0;0;0;0;0;0;0;0;0;0
45,599;-16,068;5,0381;12,329;35,679;0;1;0;0;0;0;0;0;0;0;0;0;0;0;0
45,651;-16,02;5,0381;12,329;35,674;0;1;0;0;0;0;0;0;0;0;0;0;0;0;0
45,724;-16,044;5,0381;12,339;35,671;0;1;0;0;0;0;0;0;0;0;0;0;0;0;0
45,81;-16,071;5,0381;12,269;35,665;0;1;0;0;0;0;0;0;0;0;0;0;0;0;0
45,871;-16,09;5,0381;12,319;35,675;0;1;0;0;0;0;0;0;0;0;0;0;0;0;0
45,949;-16,1;5,0381;12,269;35,674;0;1;0;0;0;0;0;0;0;0;0;0;0;0;0
46,026;-16,094;5,0381;12,259;35,655;0;1;0;0;0;0;0;0;0;0;0;0;0;0;0
46,105;-16,095;5,0381;12,139;35,642;0;1;0;0;0;0;0;0;0;0;0;0;0;0;0
46,184;-16,093;5,0381;12,179;35,657;0;1;0;0;0;0;0;0;0;0;0;0;0;0;0
46,262;-16,088;5,0381;12,189;35,67;0;1;0;0;0;0;0;0;0;0;0;0;0;0;0
46,338;-16,081;5,0381;12,239;35,669;0;1;0;0;0;0;0;0;0;0;0;0;0;0;0
46,415;-16,073;5,0381;12,279;35,672;0;1;0;0;0;0;0;0;0;0;0;0;0;0;0
47,633;-15,977;5,0381;11,989;35,656;0;1;0;0;0;0;0;0;0;0;0;0;0;0;0
47,708;-15,969;5,0381;12,109;35,679;0;1;0;0;0;0;0;0;0;0;0;0;0;0;0
47,798;-15,964;5,0381;12,029;35,667;0;1;0;0;0;0;0;0;0;0;0;0;0;0;0
47,956;-20;5,0381;12,399;35,651;0;1;0;0;0;0;0;0;0;0;0;0;0;0;0
46,435;-17,725;46,052;12,335;35,649;0;1;0;0;0;0;0;0;0;0;0;0;0;0;0
46,435;-17,725;60,263;12,261;35,672;0;1;0;0;0;0;0;0;0;0;0;0;0;0;0
46,435;-17,725;80,22;12,207;35,679;0;1;0;0;0;0;0;0;0;0;0;0;0;0;0
46,435;-17,725;99,977;12,116;35,663;0;1;0;0;0;0;0;0;0;0;0;0;0;0;0
46,435;-17,725;149,28;11,921;35,64;0;1;0;0;0;0;0;0;0;0;0;0;0;0;0
47,035;-20,206;74,273;12,411;35,665;0;1;0;0;0;0;0;0;0;0;0;0;0;0;0
47,035;-20,206;98,767;12,277;35,675;0;1;0;0;0;0;0;0;0;0;0;0;0;0;0
47,035;-20,206;123,67;12,122;35,658;0;1;0;0;0;0;0;0;0;0;0;0;0;0;0
47,035;-20,206;147,66;12,024;35,647;0;1;0;0;0;0;0;0;0;0;0;0;0;0;0
46,747;-19,928;97,558;12,317;35,677;0;1;0;0;0;0;0;0;0;0;0;0;0;0;0
46,715;-19,965;88,687;12,429;35,676;0;1;0;0;0;0;0;0;0;0;0;0;0;0;0
46,611;-19,966;98,666;12,308;35,677;0;1;0;0;0;0;0;0;0;0;0;0;0;0;0
46,616;-19,925;58,953;12,68;35,675;0;1;0;0;0;0;0;0;0;0;0;0;0;0;0
46,616;-19,925;98,162;12,318;35,668;0;1;0;0;0;0;0;0;0;0;0;0;0;0;0
46,561;-19,878;58,046;12,695;35,668;0;1;0;0;0;0;0;0;0;0;0;0;0;0;0
46,548;-19,841;97,86;12,334;35,672;0;1;0;0;0;0;0;0;0;0;0;0;0;0;0
46,741;-19,865;49,277;12,58;35,651;0;1;0;0;0;0;0;0;0;0;0;0;0;0;0
46,741;-19,865;97,961;12,092;35,654;0;1;0;0;0;0;0;0;0;0;0;0;0;0;0
46,737;-19,924;49,076;12,671;35,676;0;1;0;0;0;0;0;0;0;0;0;0;0;0;0
46,737;-19,924;88,385;12,1;35,651;0;1;0;0;0;0;0;0;0;0;0;0;0;0;0
46,74;-19,917;54,216;12,521;35,676;0;1;0;0;0;0;0;0;0;0;0;0;0;0;0
46,74;-19,917;68,931;12,284;35,67;0;1;0;0;0;0;0;0;0;0;0;0;0;0;0
46,546;-15,708;49,176;12,102;35,667;0;1;0;0;0;0;0;0;0;0;0;0;0;0;0
46,546;-15,708;59,658;12,02;35,658;0;1;0;0;0;0;0;0;0;0;0;0;0;0;0
46,546;-15,708;74,374;11,978;35,653;0;1;0;0;0;0;0;0;0;0;0;0;0;0;0
47,82;-16,955;68,427;12,216;35,669;0;1;0;0;0;0;0;0;0;0;0;0;0;0;0
47,939;-16,773;70,342;12,132;35,667;0;1;0;0;0;0;0;0;0;0;0;0;0;0;0
47,938;-16,77;69,435;11,979;35,65;0;1;0;0;0;0;0;0;0;0;0;0;0;0;0
47,074;-15,846;68,729;12,266;35,678;0;1;0;0;0;0;0;0;0;0;0;0;0;0;0
46,959;-16,03;68,326;12,129;35,667;0;1;0;0;0;0;0;0;0;0;0;0;0;0;0
46,845;-16,197;148,07;12,047;35,672;0;1;0;0;0;0;0;0;0;0;0;0;0;0;0
41,501;-12,671;207,8;12,207;35,674;0;1;0;0;0;0;0;0;0;0;0;0;0;0;0
41,484;-14,676;309,5;12,023;35,643;0;1;0;0;0;0;0;0;0;0;0;0;0;0;0
41,5;-15,985;272,7;12,03;35,645;0;1;0;0;0;0;0;0;0;0;0;0;0;0;0
41,5;-17,993;269;12,289;35,677;0;1;0;0;0;0;0;0;0;0;0;0;0;0;0
41,499;-20,007;295,8;12,096;35,644;0;1;0;0;0;0;0;0;0;0;0;0;0;0;0
42,664;-21,26;316,1;12,061;35,64;0;1;0;0;0;0;0;0;0;0;0;0;0;0;0
43,444;-22,084;174,9;12,201;35,655;0;1;0;0;0;0;0;0;0;0;0;0;0;0;0
43,842;-22,505;206,9;12,377;35,68;0;1;0;0;0;0;0;0;0;0;0;0;0;0;0
43,842;-22,505;258,3;12,098;35,641;0;1;0;0;0;0;0;0;0;0;0;0;0;0;0
44,617;-23,341;319,1;12,461;35,677;0;1;0;0;0;0;0;0;0;0;0;0;0;0;0
45,788;-24,646;269,7;12,404;35,667;0;1;0;0;0;0;0;0;0;0;0;0;0;0;0
41,502;-19,993;246,9;12,222;35,665;0;1;0;0;0;0;0;0;0;0;0;0;0;0;0
42,002;-19,993;204,8;12,301;35,678;0;1;0;0;0;0;0;0;0;0;0;0;0;0;0
43,017;-20,012;329,1;12,213;35,669;0;1;0;0;0;0;0;0;0;0;0;0;0;0;0
45,502;-20,012;65,8;12,513;35,68;0;1;0;0;0;0;0;0;0;0;0;0;0;0;0
45,502;-20,012;116,3;12,412;35,674;0;1;0;0;0;0;0;0;0;0;0;0;0;0;0
45,502;-20,012;145,9;12,382;35,676;0;1;0;0;0;0;0;0;0;0;0;0;0;0;0
45,502;-20,012;226,7;12,186;35,641;0;1;0;0;0;0;0;0;0;0;0;0;0;0;0
46,003;-20,008;85,5;12,427;35,666;0;1;0;0;0;0;0;0;0;0;0;0;0;0;0
46,003;-20,008;124,9;12,359;35,665;0;1;0;0;0;0;0;0;0;0;0;0;0;0;0
46,003;-20,008;166,3;12,218;35,648;0;1;0;0;0;0;0;0;0;0;0;0;0;0;0
47,498;-19,997;85,5;12,499;35,658;0;1;0;0;0;0;0;0;0;0;0;0;0;0;0
47,997;-19,985;29,3;12,582;35,662;0;1;0;0;0;0;0;0;0;0;0;0;0;0;0
47,997;-19,985;54,6;12,489;35,66;0;1;0;0;0;0;0;0;0;0;0;0;0;0;0
47,997;-19,985;79;12,384;35,642;0;1;0;0;0;0;0;0;0;0;0;0;0;0;0
47;-19,988;186,4;12,445;35,68;0;1;0;0;0;0;0;0;0;0;0;0;0;0;0
45,99;-20,001;189;12,464;35,669;0;1;0;0;0;0;0;0;0;0;0;0;0;0;0
45,99;-20,001;264,4;12,227;35,649;0;1;0;0;0;0;0;0;0;0;0;0;0;0;0
39,994;-19,983;389;12,098;35,666;0;1;0;0;0;0;0;0;0;0;0;0;0;0;0
42,282;-15,065;299,3;12,112;35,675;0;1;0;0;0;0;0;0;0;0;0;0;0;0;0
43,181;-16,244;302,1;12,058;35,67;0;1;0;0;0;0;0;0;0;0;0;0;0;0;0
43,478;-16,636;401;11,952;35,661;0;1;0;0;0;0;0;0;0;0;0;0;0;0;0
43,779;-17,031;398,6;11,917;35,651;0;1;0;0;0;0;0;0;0;0;0;0;0;0;0
44,077;-17,424;400,2;11,924;35,656;0;1;0;0;0;0;0;0;0;0;0;0;0;0;0
44,378;-17,815;300,6;12,349;35,674;0;1;0;0;0;0;0;0;0;0;0;0;0;0;0
44,674;-18,21;299,2;12,294;35,658;0;1;0;0;0;0;0;0;0;0;0;0;0;0;0
45,42;-18,796;380,3;12,078;35,657;0;1;0;0;0;0;0;0;0;0;0;0;0;0;0
45,794;-19,09;301,4;12,301;35,663;0;1;0;0;0;0;0;0;0;0;0;0;0;0;0
45,794;-19,09;399,1;12,181;35,679;0;1;0;0;0;0;0;0;0;0;0;0;0;0;0
46,545;-19,671;300,9;12,275;35,644;0;1;0;0;0;0;0;0;0;0;0;0;0;0;0
47,665;-20,553;99,9;12,631;35,653;0;1;0;0;0;0;0;0;0;0;0;0;0;0;0
46,499;-20;172,6;12,578;35,646;0;1;0;0;0;0;0;0;0;0;0;0;0;0;0
46,499;-20;335,8;12,19;35,643;0;1;0;0;0;0;0;0;0;0;0;0;0;0;0
45,498;-20;173,3;12,476;35,648;0;1;0;0;0;0;0;0;0;0;0;0;0;0;0
45,498;-20;248,4;12,28;35,642;0;1;0;0;0;0;0;0;0;0;0;0;0;0;0
44,498;-19,997;185,3;12,579;35,673;0;1;0;0;0;0;0;0;0;0;0;0;0;0;0
42;-20;273,7;12,662;35,67;0;1;0;0;0;0;0;0;0;0;0;0;0;0;0
42;-20;323,1;12,405;35,651;0;1;0;0;0;0;0;0;0;0;0;0;0;0;0
41,499;-19,994;348,4;12,31;35,641;0;1;0;0;0;0;0;0;0;0;0;0;0;0;0
41,499;-19,994;410,3;12,117;35,646;0;1;0;0;0;0;0;0;0;0;0;0;0;0;0
40,999;-20;315,8;12,529;35,663;0;1;0;0;0;0;0;0;0;0;0;0;0;0;0
40,999;-20;402,4;12,159;35,647;0;1;0;0;0;0;0;0;0;0;0;0;0;0;0
39,499;-20;498,1;11,98;35,64;0;1;0;0;0;0;0;0;0;0;0;0;0;0;0
40,333;-12,219;299,9;12,189;35,675;0;1;0;0;0;0;0;0;0;0;0;0;0;0;0
40,787;-13,1;300,7;12,138;35,66;0;1;0;0;0;0;0;0;0;0;0;0;0;0;0
41,383;-13,888;300,1;12,255;35,675;0;1;0;0;0;0;0;0;0;0;0;0;0;0;0
41,983;-14,672;100,1;12,373;35,676;0;1;0;0;0;0;0;0;0;0;0;0;0;0;0
41,983;-14,672;199,6;12,098;35,654;0;1;0;0;0;0;0;0;0;0;0;0;0;0;0
42,581;-15,461;200,5;12,123;35,656;0;1;0;0;0;0;0;0;0;0;0;0;0;0;0
43,181;-16,245;100,7;12,266;35,67;0;1;0;0;0;0;0;0;0;0;0;0;0;0;0
43,78;-17,032;101,5;12,225;35,666;0;1;0;0;0;0;0;0;0;0;0;0;0;0;0
44,377;-17,817;100,6;12,305;35,666;0;1;0;0;0;0;0;0;0;0;0;0;0;0;0
44,377;-17,817;200,4;12,142;35,66;0;1;0;0;0;0;0;0;0;0;0;0;0;0;0
44,377;-17,817;300,6;12,005;35,642;0;1;0;0;0;0;0;0;0;0;0;0;0;0;0
45,051;-18,505;199,2;12,044;35,646;0;1;0;0;0;0;0;0;0;0;0;0;0;0;0
46,544;-19,672;149,9;12,304;35,671;0;1;0;0;0;0;0;0;0;0;0;0;0;0;0
46,544;-19,672;197,6;12,09;35,645;0;1;0;0;0;0;0;0;0;0;0;0;0;0;0
47,792;-24,9753;209,2;12,5175917340907;35,6756;0;1;0;0;0;0;0;0;0;0;0;0;0;0;0
40,3341;-12,221;401,6;11,9325485825041;35,6496;0;1;0;0;0;0;0;0;0;0;0;0;0;0;0
40,9362;-13,2952;200;12,3155333218529;35,6757;0;1;0;0;0;0;0;0;0;0;0;0;0;0;0
41,3824;-13,8903;149,8;12,6370619427736;35,6568;0;1;0;0;0;0;0;0;0;0;0;0;0;0;0
41,3824;-13,8903;200,7;12,456939577816;35,671;0;1;0;0;0;0;0;0;0;0;0;0;0;0;0
41,836;-14,4771;149,9;12,5470446285821;35,6513;0;1;0;0;0;0;0;0;0;0;0;0;0;0;0
41,836;-14,4771;199,5;12,330488437471;35,6438;0;1;0;0;0;0;0;0;0;0;0;0;0;0;0
42,885;-15,8517;99,8;12,6495735647986;35,647;0;1;0;0;0;0;0;0;0;0;0;0;0;0;0
44,0568;-22,2447;307,3;12,3053958946933;35,6627;0;1;0;0;0;0;0;0;0;0;0;0;0;0;0
51,03;-23,191;400,4;6,939;35,004;0;0;1;0;0;0;0;0;0;0;0;0;0;0;0
48,7503;-32,3138;518,1;6,923632554565;35,0075;0;0;1;0;0;0;0;0;0;0;0;0;0;0;0
48,7503;-32,3138;519,9;6,900345907095;35,006;0;0;1;0;0;0;0;0;0;0;0;0;0;0;0
59,254;-16,976;300,57;8,2614;35,244;0;0;0;1;0;0;0;0;0;0;0;0;0;0;0
59,254;-16,976;376,46;8,1335;35,231;0;0;0;1;0;0;0;0;0;0;0;0;0;0;0
59,519;-17,013;202,72;8,4538;35,249;0;0;0;1;0;0;0;0;0;0;0;0;0;0;0
59,519;-17,013;303,6;8,3503;35,249;0;0;0;1;0;0;0;0;0;0;0;0;0;0;0
59,519;-17,013;404,42;8,2659;35,25;0;0;0;1;0;0;0;0;0;0;0;0;0;0;0
59,743;-16,999;200,71;8,3833;35,244;0;0;0;1;0;0;0;0;0;0;0;0;0;0;0
59,743;-16,999;303,6;8,2231;35,232;0;0;0;1;0;0;0;0;0;0;0;0;0;0;0
62,821;-15;10,983;8,2003;35,232;0;0;0;1;0;0;0;0;0;0;0;0;0;0;0
62,659;-14,366;100,88;7,9598;35,238;0;0;0;1;0;0;0;0;0;0;0;0;0;0;0
62,752;-13,969;14,006;8,3312;35,25;0;0;0;1;0;0;0;0;0;0;0;0;0;0;0
62,752;-13,969;100,88;7,9312;35,235;0;0;0;1;0;0;0;0;0;0;0;0;0;0;0
62,878;-13,461;10,983;8,2306;35,25;0;0;0;1;0;0;0;0;0;0;0;0;0;0;0
62,878;-13,461;99,876;8,1127;35,248;0;0;0;1;0;0;0;0;0;0;0;0;0;0;0
62,878;-13,461;204,74;7,9694;35,248;0;0;0;1;0;0;0;0;0;0;0;0;0;0;0
62,489;-12,646;51,898;8,1628;35,249;0;0;0;1;0;0;0;0;0;0;0;0;0;0;0
62,489;-12,646;150,79;7,9615;35,241;0;0;0;1;0;0;0;0;0;0;0;0;0;0;0
62,239;-12,644;11,991;8,1822;35,25;0;0;0;1;0;0;0;0;0;0;0;0;0;0;0
61,991;-12,619;201,72;7,9727;35,246;0;0;0;1;0;0;0;0;0;0;0;0;0;0;0
61,72;-12,63;204,74;8,0625;35,243;0;0;0;1;0;0;0;0;0;0;0;0;0;0;0
61,72;-12,63;302,59;7,9508;35,231;0;0;0;1;0;0;0;0;0;0;0;0;0;0;0
61,517;-12,649;404,42;8,1023;35,242;0;0;0;1;0;0;0;0;0;0;0;0;0;0;0
61,517;-12,649;500,35;8,0269;35,235;0;0;0;1;0;0;0;0;0;0;0;0;0;0;0
61,214;-12,62;201,72;8,0409;35,241;0;0;0;1;0;0;0;0;0;0;0;0;0;0;0
60,975;-12,617;203,73;7,9848;35,238;0;0;0;1;0;0;0;0;0;0;0;0;0;0;0
60,742;-12,603;302,59;7,9589;35,235;0;0;0;1;0;0;0;0;0;0;0;0;0;0;0
60,478;-12,635;252,65;8,0165;35,247;0;0;0;1;0;0;0;0;0;0;0;0;0;0;0
60,478;-12,635;300,57;7,9899;35,247;0;0;0;1;0;0;0;0;0;0;0;0;0;0;0
60,478;-12,635;369,5;7,9891;35,248;0;0;0;1;0;0;0;0;0;0;0;0;0;0;0
60,066;-13,256;557,31;7,9666;35,243;0;0;0;1;0;0;0;0;0;0;0;0;0;0;0
60,066;-13,256;604,19;7,9055;35,237;0;0;0;1;0;0;0;0;0;0;0;0;0;0;0
59,678;-13,783;554,28;8,1141;35,233;0;0;0;1;0;0;0;0;0;0;0;0;0;0;0
59,443;-14,194;300,57;8,2297;35,235;0;0;0;1;0;0;0;0;0;0;0;0;0;0;0
59,443;-14,194;501,36;8,0834;35,231;0;0;0;1;0;0;0;0;0;0;0;0;0;0;0
59,283;-15,135;303,6;8,3192;35,243;0;0;0;1;0;0;0;0;0;0;0;0;0;0;0
59,283;-15,135;404,42;8,2351;35,247;0;0;0;1;0;0;0;0;0;0;0;0;0;0;0
59,243;-15,66;403,42;8,1583;35,232;0;0;0;1;0;0;0;0;0;0;0;0;0;0;0
59,243;-15,66;505,3;8,0884;35,232;0;0;0;1;0;0;0;0;0;0;0;0;0;0;0
59,243;-15,66;559,23;8,0851;35,233;0;0;0;1;0;0;0;0;0;0;0;0;0;0;0
59,233;-16,159;203,73;8,3647;35,249;0;0;0;1;0;0;0;0;0;0;0;0;0;0;0
59,233;-16,159;304,61;8,2294;35,235;0;0;0;1;0;0;0;0;0;0;0;0;0;0;0
59,236;-16,652;201,72;8,3119;35,249;0;0;0;1;0;0;0;0;0;0;0;0;0;0;0
59,236;-16,652;304,61;8,2368;35,246;0;0;0;1;0;0;0;0;0;0;0;0;0;0;0
59,236;-16,652;404,42;8,1835;35,249;0;0;0;1;0;0;0;0;0;0;0;0;0;0;0
59,236;-16,652;453,39;8,1266;35,241;0;0;0;1;0;0;0;0;0;0;0;0;0;0;0
59,243;-17,02;404,42;8,173;35,249;0;0;0;1;0;0;0;0;0;0;0;0;0;0;0
59,476;-19,806;146,96;8,4636;35,231;0;0;0;1;0;0;0;0;0;0;0;0;0;0;0
59,696;-19,071;195,46;8,1998;35,231;0;0;0;1;0;0;0;0;0;0;0;0;0;0;0
59,741;-18,838;98,566;8,4837;35,246;0;0;0;1;0;0;0;0;0;0;0;0;0;0;0
59,741;-18,838;123,27;8,4131;35,242;0;0;0;1;0;0;0;0;0;0;0;0;0;0;0
58,003;-16,556;598,73;8,2681;35,248;0;0;0;1;0;0;0;0;0;0;0;0;0;0;0
58,559;-16,173;733,1;8,1494;35,232;0;0;0;1;0;0;0;0;0;0;0;0;0;0;0
58,25;-15,366;668,4;8,3845;35,247;0;0;0;1;0;0;0;0;0;0;0;0;0;0;0
57,293;-10,384;971,3;8,0835;35,24;0;0;0;1;0;0;0;0;0;0;0;0;0;0;0
47,498;-19,997;761,1;8,3525;35,239;0;0;0;1;0;0;0;0;0;0;0;0;0;0;0
56,998;-19,995;710,8;8,4666;35,237;0;0;0;1;0;0;0;0;0;0;0;0;0;0;0
59,002;-19,997;610,6;8,3664;35,25;0;0;0;1;0;0;0;0;0;0;0;0;0;0;0
63;-19,998;103,6;8,3932;35,246;0;0;0;1;0;0;0;0;0;0;0;0;0;0;0
59,433;-18,04;709,4;8,3762;35,238;0;0;0;1;0;0;0;0;0;0;0;0;0;0;0
59,347;-18,39;761,3;8,3684;35,24;0;0;0;1;0;0;0;0;0;0;0;0;0;0;0
58,302;-15,495;711,8;8,3899;35,246;0;0;0;1;0;0;0;0;0;0;0;0;0;0;0
56,008;-10,832;965,2;8,0064;35,247;0;0;0;1;0;0;0;0;0;0;0;0;0;0;0
55,302;-15,528;809,5;8,35;35,25;0;0;0;1;0;0;0;0;0;0;0;0;0;0;0
56;-20;638,6;7,9183;35,236;0;0;0;1;0;0;0;0;0;0;0;0;0;0;0
53,501;-19,997;452,1;8,0937;35,232;0;0;0;1;0;0;0;0;0;0;0;0;0;0;0
62,918;-19,558;205,29;8,2687;35,24;0;0;0;1;0;0;0;0;0;0;0;0;0;0;0
62,918;-19,558;509,02;7,9771;35,24;0;0;0;1;0;0;0;0;0;0;0;0;0;0;0
62,669;-19,674;204,52;8,2887;35,25;0;0;0;1;0;0;0;0;0;0;0;0;0;0;0
61,999;-19,999;101,83;8,4494;35,24;0;0;0;1;0;0;0;0;0;0;0;0;0;0;0
61,999;-19,999;121,56;8,4373;35,25;0;0;0;1;0;0;0;0;0;0;0;0;0;0;0
61,999;-19,999;206,26;8,3485;35,25;0;0;0;1;0;0;0;0;0;0;0;0;0;0;0
61,999;-19,999;508,14;8,1067;35,25;0;0;0;1;0;0;0;0;0;0;0;0;0;0;0
61,249;-20;204,56;8,4984;35,24;0;0;0;1;0;0;0;0;0;0;0;0;0;0;0
59,116;-17,672;609,11;8,2252;35,24;0;0;0;1;0;0;0;0;0;0;0;0;0;0;0
58,252;-15,33;651,63;8,1011;35,25;0;0;0;1;0;0;0;0;0;0;0;0;0;0;0
62,333;-19,834;205,1;8,484;35,243;0;0;0;1;0;0;0;0;0;0;0;0;0;0;0
62,333;-19,834;507,5;8,1683;35,249;0;0;0;1;0;0;0;0;0;0;0;0;0;0;0
62,667;-19,666;205,1;8,418;35,233;0;0;0;1;0;0;0;0;0;0;0;0;0;0;0
48,244;-18,149;931,703;8,48648155896036;35,232;0;0;0;1;0;0;0;0;0;0;0;0;0;0;0
48,352;-17,416;783,485;8,32321777744852;35,231;0;0;0;1;0;0;0;0;0;0;0;0;0;0;0
58,92;-19,6813;699;8,33311640408573;35,2498;0;0;0;1;0;0;0;0;0;0;0;0;0;0;0
-35,451;16,368;296;11,963;35,023;0;0;0;0;1;0;0;0;0;0;0;0;0;0;0
-36,116;15,45;296,3;11,873;35,021;0;0;0;0;1;0;0;0;0;0;0;0;0;0;0
-32,105;10;395,8;11,81;35,023;0;0;0;0;1;0;0;0;0;0;0;0;0;0;0
-33,995;16,952;200,1;11,872;34,993;0;0;0;0;1;0;0;0;0;0;0;0;0;0;0
-34,424;14,405;250;12,145;35,023;0;0;0;0;1;0;0;0;0;0;0;0;0;0;0
-36,507;13,119;299,7;11,844;35,02;0;0;0;0;1;0;0;0;0;0;0;0;0;0;0
-36,45;13,1;299,9;11,836;35,027;0;0;0;0;1;0;0;0;0;0;0;0;0;0;0
-35,213;6,0362;358,7;12,03;35,003;0;0;0;0;1;0;0;0;0;0;0;0;0;0;0
-31,236;13,75;256,7;11,927;35,013;0;0;0;0;1;0;0;0;0;0;0;0;0;0;0
-13,501;0,941;201,3;12,028;35,177;0;0;0;0;0;1;0;0;0;0;0;0;0;0;0
-1,3337;-3;250;12,025;35,169;0;0;0;0;0;1;0;0;0;0;0;0;0;0;0
-4,997;-7,881;145,1;12,057;35,179;0;0;0;0;0;1;0;0;0;0;0;0;0;0;0
-7;-8,329;145,5;11,963;35,162;0;0;0;0;0;1;0;0;0;0;0;0;0;0;0
-64,959;19,015;19,6;-0,9892;33,907;0;0;0;0;0;0;1;0;0;0;0;0;0;0;0
-69,609;0,002;9,2;-1,0702;33,892;0;0;0;0;0;0;1;0;0;0;0;0;0;0;0
-57,499;-0,0143;10,11;-1,0838;33,892;0;0;0;0;0;0;1;0;0;0;0;0;0;0;0
-64,15;-63,1;60;-1,0125;33,893;0;0;0;0;0;0;1;0;0;0;0;0;0;0;0
-60,325;-63,17;76;-1,0319;33,908;0;0;0;0;0;0;1;0;0;0;0;0;0;0;0
-57,369;17,259;77,4;-1,0778;33,898;0;0;0;0;0;0;1;0;0;0;0;0;0;0;0
-54,742;0,006;9,2;-0,90254;33,901;0;0;0;0;0;0;1;0;0;0;0;0;0;0;0
-54,742;0,006;25,8;-0,98456;33,907;0;0;0;0;0;0;1;0;0;0;0;0;0;0;0
-54,742;0,006;50,1;-0,98929;33,908;0;0;0;0;0;0;1;0;0;0;0;0;0;0;0
-60,209;-61,174;105,5;-0,95999;33,91;0;0;0;0;0;0;1;0;0;0;0;0;0;0;0
-53,981;-58;252,9;4,9564;34,145;0;0;0;0;0;0;0;1;0;0;0;0;0;0;0
-53,981;-58;253,1;4,9579;34,144;0;0;0;0;0;0;0;1;0;0;0;0;0;0;0
-53,52;-58;172,4;5,0044;34,13;0;0;0;0;0;0;0;1;0;0;0;0;0;0;0
-50,9;-54,32;258,4;4,9374;34,143;0;0;0;0;0;0;0;1;0;0;0;0;0;0;0
-54,654;-58,559;53,9;4,9228;34,137;0;0;0;0;0;0;0;1;0;0;0;0;0;0;0
-54,654;-58,559;54;4,9234;34,137;0;0;0;0;0;0;0;1;0;0;0;0;0;0;0
-54,922;-58,362;102,4;5,0409;34,134;0;0;0;0;0;0;0;1;0;0;0;0;0;0;0
-55,07;-58,29;105,4;4,9982;34,145;0;0;0;0;0;0;0;1;0;0;0;0;0;0;0
-55,524;-57,987;16,5;4,9966;34,143;0;0;0;0;0;0;0;1;0;0;0;0;0;0;0
-55,821;-57,868;16,3;4,9679;34,139;0;0;0;0;0;0;0;1;0;0;0;0;0;0;0
-55,07;-58;202,3;5,0652;34,136;0;0;0;0;0;0;0;1;0;0;0;0;0;0;0
-54,904;-57,993;224,1;5,0039;34,133;0;0;0;0;0;0;0;1;0;0;0;0;0;0;0
-50,882;-53,78;304,13;3,0354;34,112;0;0;0;0;0;0;0;0;1;0;0;0;0;0;0
-57,839;-64,023;404;3,0744;34,122;0;0;0;0;0;0;0;0;1;0;0;0;0;0;0
-48,8;-36,99;201,5;3,0972;34,11;0;0;0;0;0;0;0;0;1;0;0;0;0;0;0
36,591;-9,0004;1241;11,783;36,505;0;0;0;0;0;0;0;0;0;1;0;0;0;0;0
56,536;-52,693;500,9;2,7052;34,789;0;0;0;0;0;0;0;0;0;0;1;0;0;0;0
56,536;-52,693;680;2,8398;34,817;0;0;0;0;0;0;0;0;0;0;1;0;0;0;0
56,536;-52,693;879,5;2,915;34,836;0;0;0;0;0;0;0;0;0;0;1;0;0;0;0
56,536;-52,693;1098,2;2,869;34,84;0;0;0;0;0;0;0;0;0;0;1;0;0;0;0
56,536;-52,693;1322,2;2,8117;34,84;0;0;0;0;0;0;0;0;0;0;1;0;0;0;0
56,956;-52,243;642,1;2,7845;34,81;0;0;0;0;0;0;0;0;0;0;1;0;0;0;0
56,956;-52,243;819,6;2,7786;34,816;0;0;0;0;0;0;0;0;0;0;1;0;0;0;0
56,956;-52,243;1018,1;2,7153;34,812;0;0;0;0;0;0;0;0;0;0;1;0;0;0;0
56,956;-52,243;1268,9;2,8549;34,842;0;0;0;0;0;0;0;0;0;0;1;0;0;0;0
56,956;-52,243;1480,3;2,8063;34,841;0;0;0;0;0;0;0;0;0;0;1;0;0;0;0
57,371;-51,81;534,9;2,8646;34,814;0;0;0;0;0;0;0;0;0;0;1;0;0;0;0
57,371;-51,81;689,1;2,9057;34,844;0;0;0;0;0;0;0;0;0;0;1;0;0;0;0
57,371;-51,81;869,7;2,9466;34,845;0;0;0;0;0;0;0;0;0;0;1;0;0;0;0
57,371;-51,81;1069,4;2,8813;34,845;0;0;0;0;0;0;0;0;0;0;1;0;0;0;0
57,371;-51,81;1295,1;2,8219;34,842;0;0;0;0;0;0;0;0;0;0;1;0;0;0;0
57,783;-51,347;500,4;2,9927;34,823;0;0;0;0;0;0;0;0;0;0;1;0;0;0;0
57,783;-51,347;656,3;2,9181;34,825;0;0;0;0;0;0;0;0;0;0;1;0;0;0;0
57,783;-51,347;840,7;2,8673;34,828;0;0;0;0;0;0;0;0;0;0;1;0;0;0;0
57,783;-51,347;1038,3;2,9139;34,872;0;0;0;0;0;0;0;0;0;0;1;0;0;0;0
57,783;-51,347;1280,2;2,8557;34,845;0;0;0;0;0;0;0;0;0;0;1;0;0;0;0
58,22;-50,884;851,2;3,0105;34,85;0;0;0;0;0;0;0;0;0;0;1;0;0;0;0
58,22;-50,884;1045,9;3,0066;34,858;0;0;0;0;0;0;0;0;0;0;1;0;0;0;0
58,22;-50,884;1269,6;2,9203;34,855;0;0;0;0;0;0;0;0;0;0;1;0;0;0;0
58,633;-50,418;658,6;3,0747;34,82;0;0;0;0;0;0;0;0;0;0;1;0;0;0;0
58,633;-50,418;1038,3;2,9569;34,843;0;0;0;0;0;0;0;0;0;0;1;0;0;0;0
58,633;-50,418;1260,7;2,8791;34,844;0;0;0;0;0;0;0;0;0;0;1;0;0;0;0
59,062;-49,952;514,1;3,0752;34,824;0;0;0;0;0;0;0;0;0;0;1;0;0;0;0
59,062;-49,952;669,7;3,0875;34,831;0;0;0;0;0;0;0;0;0;0;1;0;0;0;0
59,062;-49,952;851,1;3,0018;34,842;0;0;0;0;0;0;0;0;0;0;1;0;0;0;0
59,062;-49,952;1048,3;2,8953;34,839;0;0;0;0;0;0;0;0;0;0;1;0;0;0;0
59,062;-49,952;1268,9;2,8804;34,847;0;0;0;0;0;0;0;0;0;0;1;0;0;0;0
59,473;-49,472;670,5;3,0864;34,828;0;0;0;0;0;0;0;0;0;0;1;0;0;0;0
59,473;-49,472;851,3;2,9516;34,831;0;0;0;0;0;0;0;0;0;0;1;0;0;0;0
59,473;-49,472;1050,2;2,9498;34,846;0;0;0;0;0;0;0;0;0;0;1;0;0;0;0
59,473;-49,472;1267,4;2,8737;34,846;0;0;0;0;0;0;0;0;0;0;1;0;0;0;0
59,473;-49,472;1488,7;2,8016;34,843;0;0;0;0;0;0;0;0;0;0;1;0;0;0;0
59,751;-49,177;896,9;3,0245;34,854;0;0;0;0;0;0;0;0;0;0;1;0;0;0;0
59,751;-49,177;1119,2;2,9076;34,85;0;0;0;0;0;0;0;0;0;0;1;0;0;0;0
59,751;-49,177;1340,1;2,8201;34,845;0;0;0;0;0;0;0;0;0;0;1;0;0;0;0
59,981;-48,906;1262,4;2,9774;34,865;0;0;0;0;0;0;0;0;0;0;1;0;0;0;0
59,981;-48,906;1476,7;2,8247;34,85;0;0;0;0;0;0;0;0;0;0;1;0;0;0;0
50,12;-50,003;882,3;2,9602;34,862;0;0;0;0;0;0;0;0;0;0;1;0;0;0;0
50,35;-49,499;1200;3,0359;34,859;0;0;0;0;0;0;0;0;0;0;1;0;0;0;0
50,35;-49,499;1449,6;2,902;34,857;0;0;0;0;0;0;0;0;0;0;1;0;0;0;0
50,592;-49,002;603,1;3,0924;34,836;0;0;0;0;0;0;0;0;0;0;1;0;0;0;0
50,592;-49,002;805,6;2,9746;34,836;0;0;0;0;0;0;0;0;0;0;1;0;0;0;0
50,592;-49,002;1005,9;2,9335;34,843;0;0;0;0;0;0;0;0;0;0;1;0;0;0;0
50,592;-49,002;1208,9;2,9128;34,852;0;0;0;0;0;0;0;0;0;0;1;0;0;0;0
50,592;-49,002;1411,6;2,8362;34,853;0;0;0;0;0;0;0;0;0;0;1;0;0;0;0
50,842;-48,482;596,5;3,0761;34,836;0;0;0;0;0;0;0;0;0;0;1;0;0;0;0
50,842;-48,482;789,4;3,0384;34,854;0;0;0;0;0;0;0;0;0;0;1;0;0;0;0
50,842;-48,482;994,6;2,9908;34,855;0;0;0;0;0;0;0;0;0;0;1;0;0;0;0
50,842;-48,482;1191,4;2,8777;34,853;0;0;0;0;0;0;0;0;0;0;1;0;0;0;0
50,842;-48,482;1392,6;2,8221;34,863;0;0;0;0;0;0;0;0;0;0;1;0;0;0;0
51,161;-47,842;799,7;3,0835;34,839;0;0;0;0;0;0;0;0;0;0;1;0;0;0;0
51,161;-47,842;992,5;3,0445;34,849;0;0;0;0;0;0;0;0;0;0;1;0;0;0;0
51,161;-47,842;1195,1;2,9917;34,854;0;0;0;0;0;0;0;0;0;0;1;0;0;0;0
51,161;-47,842;1397,5;2,9011;34,807;0;0;0;0;0;0;0;0;0;0;1;0;0;0;0
51,468;-47,219;1198,6;3,0577;34,865;0;0;0;0;0;0;0;0;0;0;1;0;0;0;0
51,468;-47,219;1389,9;2,9697;34,861;0;0;0;0;0;0;0;0;0;0;1;0;0;0;0
51,795;-46,623;1199,7;3,0689;34,865;0;0;0;0;0;0;0;0;0;0;1;0;0;0;0
51,795;-46,623;1399,5;2,9519;34,861;0;0;0;0;0;0;0;0;0;0;1;0;0;0;0
52,382;-45,29;1403,5;3,0441;34,867;0;0;0;0;0;0;0;0;0;0;1;0;0;0;0
52,7;-44,616;1399,7;2,976;34,862;0;0;0;0;0;0;0;0;0;0;1;0;0;0;0
52,999;-44,004;1401,5;3,048;34,871;0;0;0;0;0;0;0;0;0;0;1;0;0;0;0
53,498;-44;1404,5;2,9969;34,863;0;0;0;0;0;0;0;0;0;0;1;0;0;0;0
53,997;-44,004;1200,6;3,0885;34,871;0;0;0;0;0;0;0;0;0;0;1;0;0;0;0
53,997;-44,004;1399,7;2,9704;34,867;0;0;0;0;0;0;0;0;0;0;1;0;0;0;0
54,498;-44,004;1002,4;3,0845;34,862;0;0;0;0;0;0;0;0;0;0;1;0;0;0;0
54,498;-44,004;1201,5;2,9698;34,857;0;0;0;0;0;0;0;0;0;0;1;0;0;0;0
54,498;-44,004;1396,8;2,9165;34,857;0;0;0;0;0;0;0;0;0;0;1;0;0;0;0
54,998;-43,998;998,3;3,0844;34,865;0;0;0;0;0;0;0;0;0;0;1;0;0;0;0
54,998;-43,998;1201,4;2,9656;34,858;0;0;0;0;0;0;0;0;0;0;1;0;0;0;0
54,998;-43,998;1399,8;2,901;34,855;0;0;0;0;0;0;0;0;0;0;1;0;0;0;0
55,496;-43,991;799,8;2,9961;34,85;0;0;0;0;0;0;0;0;0;0;1;0;0;0;0
55,496;-43,991;1000,2;2,9387;34,851;0;0;0;0;0;0;0;0;0;0;1;0;0;0;0
55,496;-43,991;1197,8;2,8837;34,851;0;0;0;0;0;0;0;0;0;0;1;0;0;0;0
55,496;-43,991;1400,8;2,8468;34,851;0;0;0;0;0;0;0;0;0;0;1;0;0;0;0
55,999;-44;800;3,0442;34,857;0;0;0;0;0;0;0;0;0;0;1;0;0;0;0
55,999;-44;998,2;2,971;34,856;0;0;0;0;0;0;0;0;0;0;1;0;0;0;0
55,999;-44;1200,2;2,9056;34,855;0;0;0;0;0;0;0;0;0;0;1;0;0;0;0
55,999;-44;1398,3;2,8294;34,85;0;0;0;0;0;0;0;0;0;0;1;0;0;0;0
56,494;-43,994;602,1;2,9181;34,818;0;0;0;0;0;0;0;0;0;0;1;0;0;0;0
56,494;-43,994;998;2,9834;34,852;0;0;0;0;0;0;0;0;0;0;1;0;0;0;0
56,494;-43,994;1209;2,8936;34,848;0;0;0;0;0;0;0;0;0;0;1;0;0;0;0
56,494;-43,994;1404;2,8224;34,844;0;0;0;0;0;0;0;0;0;0;1;0;0;0;0
56,998;-44,001;509,1;2,82;34,806;0;0;0;0;0;0;0;0;0;0;1;0;0;0;0
56,998;-44,001;660,9;2,8534;34,812;0;0;0;0;0;0;0;0;0;0;1;0;0;0;0
56,998;-44,001;867,7;3,0608;34,85;0;0;0;0;0;0;0;0;0;0;1;0;0;0;0
56,998;-44,001;1040,8;2,9835;34,85;0;0;0;0;0;0;0;0;0;0;1;0;0;0;0
56,998;-44,001;1219,8;2,9037;34,848;0;0;0;0;0;0;0;0;0;0;1;0;0;0;0
56,998;-44,001;1418,5;2,8372;34,845;0;0;0;0;0;0;0;0;0;0;1;0;0;0;0
57,5;-44;707,6;3,0452;34,849;0;0;0;0;0;0;0;0;0;0;1;0;0;0;0
57,5;-44;850,5;2,9973;34,852;0;0;0;0;0;0;0;0;0;0;1;0;0;0;0
57,5;-44;999,9;2,946;34,851;0;0;0;0;0;0;0;0;0;0;1;0;0;0;0
57,5;-44;1201,6;2,8658;34,848;0;0;0;0;0;0;0;0;0;0;1;0;0;0;0
57,5;-44;1401,8;2,8216;34,846;0;0;0;0;0;0;0;0;0;0;1;0;0;0;0
57,982;-44,012;500,6;2,9283;34,82;0;0;0;0;0;0;0;0;0;0;1;0;0;0;0
57,982;-44,012;698,6;2,9178;34,82;0;0;0;0;0;0;0;0;0;0;1;0;0;0;0
57,982;-44,012;899,8;3,0385;34,854;0;0;0;0;0;0;0;0;0;0;1;0;0;0;0
57,982;-44,012;1097,1;2,9255;34,85;0;0;0;0;0;0;0;0;0;0;1;0;0;0;0
57,982;-44,012;1300;2,8583;34,847;0;0;0;0;0;0;0;0;0;0;1;0;0;0;0
58,49;-44,019;1000;3,0031;34,865;0;0;0;0;0;0;0;0;0;0;1;0;0;0;0
58,49;-44,019;1208,5;2,8319;34,85;0;0;0;0;0;0;0;0;0;0;1;0;0;0;0
58,49;-44,019;1402,3;2,8558;34,866;0;0;0;0;0;0;0;0;0;0;1;0;0;0;0
59,986;-48,902;1277,8;3,0677;34,873;0;0;0;0;0;0;0;0;0;0;1;0;0;0;0
59,751;-49,164;1119,9;3,099;34,864;0;0;0;0;0;0;0;0;0;0;1;0;0;0;0
59,751;-49,164;1338,3;2,9734;34,858;0;0;0;0;0;0;0;0;0;0;1;0;0;0;0
59,484;-49,473;1160,8;2,9339;34,843;0;0;0;0;0;0;0;0;0;0;1;0;0;0;0
59,484;-49,473;1318,6;3,0194;34,865;0;0;0;0;0;0;0;0;0;0;1;0;0;0;0
59,064;-49,961;849,7;3,0618;34,831;0;0;0;0;0;0;0;0;0;0;1;0;0;0;0
59,064;-49,961;1009,3;3,0034;34,83;0;0;0;0;0;0;0;0;0;0;1;0;0;0;0
59,064;-49,961;1261,6;3,0094;34,847;0;0;0;0;0;0;0;0;0;0;1;0;0;0;0
59,064;-49,961;1498,7;2,9316;34,849;0;0;0;0;0;0;0;0;0;0;1;0;0;0;0
58,641;-50,418;840,1;3,0391;34,84;0;0;0;0;0;0;0;0;0;0;1;0;0;0;0
58,641;-50,418;1020,8;2,9442;34,838;0;0;0;0;0;0;0;0;0;0;1;0;0;0;0
58,641;-50,418;1251,7;2,8673;34,835;0;0;0;0;0;0;0;0;0;0;1;0;0;0;0
58,641;-50,418;1489,4;2,8874;34,846;0;0;0;0;0;0;0;0;0;0;1;0;0;0;0
58,196;-50,883;670,7;3,0952;34,836;0;0;0;0;0;0;0;0;0;0;1;0;0;0;0
58,196;-50,883;846,4;3,052;34,838;0;0;0;0;0;0;0;0;0;0;1;0;0;0;0
58,196;-50,883;1048,6;3,0042;34,845;0;0;0;0;0;0;0;0;0;0;1;0;0;0;0
58,196;-50,883;1269;2,8796;34,838;0;0;0;0;0;0;0;0;0;0;1;0;0;0;0
57,797;-51,344;661,3;3,0985;34,834;0;0;0;0;0;0;0;0;0;0;1;0;0;0;0
57,797;-51,344;839;2,9965;34,83;0;0;0;0;0;0;0;0;0;0;1;0;0;0;0
57,797;-51,344;1039,2;2,949;34,834;0;0;0;0;0;0;0;0;0;0;1;0;0;0;0
57,797;-51,344;1280;2,8349;34,826;0;0;0;0;0;0;0;0;0;0;1;0;0;0;0
57,375;-51,792;1047,6;3,0162;34,84;0;0;0;0;0;0;0;0;0;0;1;0;0;0;0
57,375;-51,792;1255,5;2,884;34,834;0;0;0;0;0;0;0;0;0;0;1;0;0;0;0
56,956;-52,239;620,2;3,038;34,821;0;0;0;0;0;0;0;0;0;0;1;0;0;0;0
56,956;-52,239;811,3;3,0284;34,834;0;0;0;0;0;0;0;0;0;0;1;0;0;0;0
56,956;-52,239;1024,8;3,005;34,846;0;0;0;0;0;0;0;0;0;0;1;0;0;0;0
56,956;-52,239;1230,8;2,9876;34,856;0;0;0;0;0;0;0;0;0;0;1;0;0;0;0
56,956;-52,239;1458,7;2,8996;34,851;0;0;0;0;0;0;0;0;0;0;1;0;0;0;0
56,549;-52,678;667;2,9992;34,833;0;0;0;0;0;0;0;0;0;0;1;0;0;0;0
56,549;-52,678;869,5;2,9678;34,84;0;0;0;0;0;0;0;0;0;0;1;0;0;0;0
56,549;-52,678;1069,3;2,9089;34,842;0;0;0;0;0;0;0;0;0;0;1;0;0;0;0
56,549;-52,678;1270,6;2,9089;34,85;0;0;0;0;0;0;0;0;0;0;1;0;0;0;0
56,549;-52,678;1480;2,8449;34,849;0;0;0;0;0;0;0;0;0;0;1;0;0;0;0
56,111;-53,117;758,5;2,9909;34,837;0;0;0;0;0;0;0;0;0;0;1;0;0;0;0
56,111;-53,117;969,7;2,8772;34,83;0;0;0;0;0;0;0;0;0;0;1;0;0;0;0
56,111;-53,117;1180,6;2,8724;34,838;0;0;0;0;0;0;0;0;0;0;1;0;0;0;0
56,111;-53,117;1418,7;2,8864;34,85;0;0;0;0;0;0;0;0;0;0;1;0;0;0;0
55,845;-53,39;710,4;3,0042;34,837;0;0;0;0;0;0;0;0;0;0;1;0;0;0;0
55,845;-53,39;899,3;2,9796;34,842;0;0;0;0;0;0;0;0;0;0;1;0;0;0;0
55,845;-53,39;1101,3;2,8916;34,838;0;0;0;0;0;0;0;0;0;0;1;0;0;0;0
55,845;-53,39;1301,6;2,8413;34,837;0;0;0;0;0;0;0;0;0;0;1;0;0;0;0
55,845;-53,39;1498,8;2,8864;34,85;0;0;0;0;0;0;0;0;0;0;1;0;0;0;0
55,61;-53,63;799,1;3,0996;34,847;0;0;0;0;0;0;0;0;0;0;1;0;0;0;0
55,61;-53,63;1020,5;2,9941;34,847;0;0;0;0;0;0;0;0;0;0;1;0;0;0;0
55,61;-53,63;1260;2,8114;34,832;0;0;0;0;0;0;0;0;0;0;1;0;0;0;0
55,61;-53,63;1480,1;2,884;34,853;0;0;0;0;0;0;0;0;0;0;1;0;0;0;0
55,421;-53,827;1100,5;3,0966;34,867;0;0;0;0;0;0;0;0;0;0;1;0;0;0;0
55,421;-53,827;1299,5;2,9784;34,865;0;0;0;0;0;0;0;0;0;0;1;0;0;0;0
55,421;-53,827;1494,6;2,8813;34,858;0;0;0;0;0;0;0;0;0;0;1;0;0;0;0
55,264;-53,985;1001,7;3,0362;34,85;0;0;0;0;0;0;0;0;0;0;1;0;0;0;0
55,264;-53,985;1201,1;2,9907;34,858;0;0;0;0;0;0;0;0;0;0;1;0;0;0;0
55,264;-53,985;1350,5;2,9318;34,859;0;0;0;0;0;0;0;0;0;0;1;0;0;0;0
56,759;-58,281;1238,9;2,8497;34,879;0;0;0;0;0;0;0;0;0;0;1;0;0;0;0
56,949;-57,979;1222,8;3,001;34,871;0;0;0;0;0;0;0;0;0;0;1;0;0;0;0
56,949;-57,979;1403,2;2,8248;34,854;0;0;0;0;0;0;0;0;0;0;1;0;0;0;0
57,184;-57,565;1291,1;2,9838;34,867;0;0;0;0;0;0;0;0;0;0;1;0;0;0;0
57,184;-57,565;1449,4;2,8821;34,86;0;0;0;0;0;0;0;0;0;0;1;0;0;0;0
57,483;-57,044;1231,6;3,013;34,867;0;0;0;0;0;0;0;0;0;0;1;0;0;0;0
57,483;-57,044;1389,6;2,903;34,859;0;0;0;0;0;0;0;0;0;0;1;0;0;0;0
57,86;-56,394;1299,4;3,077;34,871;0;0;0;0;0;0;0;0;0;0;1;0;0;0;0
57,86;-56,394;1420,9;3,0067;34,867;0;0;0;0;0;0;0;0;0;0;1;0;0;0;0
58,217;-55,783;759,7;2,9276;34,831;0;0;0;0;0;0;0;0;0;0;1;0;0;0;0
58,217;-55,783;900,9;2,8946;34,833;0;0;0;0;0;0;0;0;0;0;1;0;0;0;0
58,217;-55,783;1037,8;2,8476;34,831;0;0;0;0;0;0;0;0;0;0;1;0;0;0;0
58,217;-55,783;1180,1;2,8156;34,83;0;0;0;0;0;0;0;0;0;0;1;0;0;0;0
58,217;-55,783;1320,4;2,8358;34,836;0;0;0;0;0;0;0;0;0;0;1;0;0;0;0
58,217;-55,783;1479,6;2,8818;34,849;0;0;0;0;0;0;0;0;0;0;1;0;0;0;0
58,584;-55,129;500,8;2,9744;34,83;0;0;0;0;0;0;0;0;0;0;1;0;0;0;0
58,584;-55,129;649,8;2,922;34,83;0;0;0;0;0;0;0;0;0;0;1;0;0;0;0
58,584;-55,129;819,9;2,8814;34,833;0;0;0;0;0;0;0;0;0;0;1;0;0;0;0
58,584;-55,129;999,6;2,8668;34,835;0;0;0;0;0;0;0;0;0;0;1;0;0;0;0
58,584;-55,129;1178,9;2,8416;34,835;0;0;0;0;0;0;0;0;0;0;1;0;0;0;0
58,584;-55,129;1379,8;2,8689;34,847;0;0;0;0;0;0;0;0;0;0;1;0;0;0;0
58,935;-54,5;619,1;2,9438;34,827;0;0;0;0;0;0;0;0;0;0;1;0;0;0;0
58,935;-54,5;755,8;2,9492;34,834;0;0;0;0;0;0;0;0;0;0;1;0;0;0;0
58,935;-54,5;939,4;2,8474;34,826;0;0;0;0;0;0;0;0;0;0;1;0;0;0;0
58,935;-54,5;1148,9;2,8225;34,83;0;0;0;0;0;0;0;0;0;0;1;0;0;0;0
58,935;-54,5;1350,3;2,8591;34,839;0;0;0;0;0;0;0;0;0;0;1;0;0;0;0
59,299;-53,831;639,5;3,0822;34,834;0;0;0;0;0;0;0;0;0;0;1;0;0;0;0
59,299;-53,831;799,2;3,0056;34,831;0;0;0;0;0;0;0;0;0;0;1;0;0;0;0
59,299;-53,831;960,3;2,9448;34,833;0;0;0;0;0;0;0;0;0;0;1;0;0;0;0
59,299;-53,831;1139,5;2,8799;34,83;0;0;0;0;0;0;0;0;0;0;1;0;0;0;0
59,299;-53,831;1318,5;2,8304;34,83;0;0;0;0;0;0;0;0;0;0;1;0;0;0;0
59,689;-53,166;1177,4;3,0793;34,847;0;0;0;0;0;0;0;0;0;0;1;0;0;0;0
59,689;-53,166;1347;3,0157;34,85;0;0;0;0;0;0;0;0;0;0;1;0;0;0;0
59,489;-55,666;923,3;3,0384;34,849;0;0;0;0;0;0;0;0;0;0;1;0;0;0;0
59,489;-55,666;1101,2;2,9577;34,844;0;0;0;0;0;0;0;0;0;0;1;0;0;0;0
59,489;-55,666;1280,4;2,999;34,859;0;0;0;0;0;0;0;0;0;0;1;0;0;0;0
59,489;-55,666;1461,4;2,9423;34,859;0;0;0;0;0;0;0;0;0;0;1;0;0;0;0
58,076;-54,516;598,6;3,0944;34,833;0;0;0;0;0;0;0;0;0;0;1;0;0;0;0
58,076;-54,516;755,2;3,0602;34,837;0;0;0;0;0;0;0;0;0;0;1;0;0;0;0
58,076;-54,516;924,3;3,0015;34,841;0;0;0;0;0;0;0;0;0;0;1;0;0;0;0
58,076;-54,516;1098,6;2,9251;34,837;0;0;0;0;0;0;0;0;0;0;1;0;0;0;0
58,076;-54,516;1290,3;2,9141;34,843;0;0;0;0;0;0;0;0;0;0;1;0;0;0;0
58,076;-54,516;1490;2,9366;34,854;0;0;0;0;0;0;0;0;0;0;1;0;0;0;0
57,572;-53,895;759,5;3,0614;34,835;0;0;0;0;0;0;0;0;0;0;1;0;0;0;0
57,572;-53,895;925,4;2,9564;34,831;0;0;0;0;0;0;0;0;0;0;1;0;0;0;0
57,572;-53,895;1098,2;2,8815;34,83;0;0;0;0;0;0;0;0;0;0;1;0;0;0;0
57,572;-53,895;1289,9;2,8697;34,836;0;0;0;0;0;0;0;0;0;0;1;0;0;0;0
57,572;-53,895;1489,2;2,9514;34,857;0;0;0;0;0;0;0;0;0;0;1;0;0;0;0
57,064;-53,279;766;3,0893;34,838;0;0;0;0;0;0;0;0;0;0;1;0;0;0;0
57,064;-53,279;931,6;3,0144;34,837;0;0;0;0;0;0;0;0;0;0;1;0;0;0;0
57,064;-53,279;1104,3;2,9534;34,839;0;0;0;0;0;0;0;0;0;0;1;0;0;0;0
57,064;-53,279;1249,2;2,875;34,832;0;0;0;0;0;0;0;0;0;0;1;0;0;0;0
57,064;-53,279;1401,6;2,8611;34,835;0;0;0;0;0;0;0;0;0;0;1;0;0;0;0
56,052;-51,932;609,9;3,073;34,831;0;0;0;0;0;0;0;0;0;0;1;0;0;0;0
56,052;-51,932;762;3,0895;34,841;0;0;0;0;0;0;0;0;0;0;1;0;0;0;0
56,052;-51,932;1160,3;2,9722;34,849;0;0;0;0;0;0;0;0;0;0;1;0;0;0;0
56,052;-51,932;1337,3;2,9355;34,853;0;0;0;0;0;0;0;0;0;0;1;0;0;0;0
55,548;-51,259;600,2;2,9825;34,83;0;0;0;0;0;0;0;0;0;0;1;0;0;0;0
55,548;-51,259;761,5;2,909;34,829;0;0;0;0;0;0;0;0;0;0;1;0;0;0;0
55,548;-51,259;924,6;2,8609;34,83;0;0;0;0;0;0;0;0;0;0;1;0;0;0;0
55,548;-51,259;1100,4;2,8424;34,832;0;0;0;0;0;0;0;0;0;0;1;0;0;0;0
55,548;-51,259;1290,6;2,8324;34,836;0;0;0;0;0;0;0;0;0;0;1;0;0;0;0
55,043;-50,565;596,5;3,0596;34,84;0;0;0;0;0;0;0;0;0;0;1;0;0;0;0
55,043;-50,565;923,8;2,9111;34,838;0;0;0;0;0;0;0;0;0;0;1;0;0;0;0
55,043;-50,565;1102;2,8573;34,837;0;0;0;0;0;0;0;0;0;0;1;0;0;0;0
55,043;-50,565;1301,1;2,8979;34,85;0;0;0;0;0;0;0;0;0;0;1;0;0;0;0
55,043;-50,565;1500;2,8487;34,85;0;0;0;0;0;0;0;0;0;0;1;0;0;0;0
54,582;-49,945;965,3;3,0766;34,854;0;0;0;0;0;0;0;0;0;0;1;0;0;0;0
54,582;-49,945;1151,3;2,9388;34,844;0;0;0;0;0;0;0;0;0;0;1;0;0;0;0
54,582;-49,945;1351,5;2,9739;34,86;0;0;0;0;0;0;0;0;0;0;1;0;0;0;0
54,131;-49,326;1190,1;3,061;34,864;0;0;0;0;0;0;0;0;0;0;1;0;0;0;0
54,131;-49,326;1399,8;2,9581;34,859;0;0;0;0;0;0;0;0;0;0;1;0;0;0;0
53,674;-48,7;1280,8;3,0377;34,865;0;0;0;0;0;0;0;0;0;0;1;0;0;0;0
53,674;-48,7;1490;2,9243;34,856;0;0;0;0;0;0;0;0;0;0;1;0;0;0;0
53,219;-48,077;1158,8;2,9753;34,844;0;0;0;0;0;0;0;0;0;0;1;0;0;0;0
53,219;-48,077;1359,7;2,8899;34,842;0;0;0;0;0;0;0;0;0;0;1;0;0;0;0
53,448;-49,484;1187,9;3,0842;34,871;0;0;0;0;0;0;0;0;0;0;1;0;0;0;0
53,448;-49,484;1399,4;2,9752;34,864;0;0;0;0;0;0;0;0;0;0;1;0;0;0;0
53,299;-50,003;963,8;3,0337;34,849;0;0;0;0;0;0;0;0;0;0;1;0;0;0;0
53,299;-50,003;1144,2;2,9256;34,844;0;0;0;0;0;0;0;0;0;0;1;0;0;0;0
53,299;-50,003;1350,6;2,9038;34,848;0;0;0;0;0;0;0;0;0;0;1;0;0;0;0
53,15;-50,531;818,7;3,0307;34,844;0;0;0;0;0;0;0;0;0;0;1;0;0;0;0
53,15;-50,531;999,1;2,9028;34,834;0;0;0;0;0;0;0;0;0;0;1;0;0;0;0
53,15;-50,531;1199,4;2,8819;34,838;0;0;0;0;0;0;0;0;0;0;1;0;0;0;0
53,15;-50,531;1401;2,9102;34,852;0;0;0;0;0;0;0;0;0;0;1;0;0;0;0
52,999;-51,055;839,8;2,9874;34,844;0;0;0;0;0;0;0;0;0;0;1;0;0;0;0
52,999;-51,055;980,8;2,9004;34,84;0;0;0;0;0;0;0;0;0;0;1;0;0;0;0
52,999;-51,055;1100,2;2,9272;34,851;0;0;0;0;0;0;0;0;0;0;1;0;0;0;0
52,999;-51,055;1268,9;2,9225;34,854;0;0;0;0;0;0;0;0;0;0;1;0;0;0;0
52,999;-51,055;1419,7;2,83;34,848;0;0;0;0;0;0;0;0;0;0;1;0;0;0;0
52,866;-51,513;1001,2;3,032;34,844;0;0;0;0;0;0;0;0;0;0;1;0;0;0;0
52,866;-51,513;1141;2,9969;34,854;0;0;0;0;0;0;0;0;0;0;1;0;0;0;0
52,866;-51,513;1268,1;2,9168;34,849;0;0;0;0;0;0;0;0;0;0;1;0;0;0;0
52,866;-51,513;1389,2;2,9043;34,857;0;0;0;0;0;0;0;0;0;0;1;0;0;0;0
52,866;-51,513;1479,6;2,8527;34,856;0;0;0;0;0;0;0;0;0;0;1;0;0;0;0
52,832;-51,622;1027;2,9577;34,859;0;0;0;0;0;0;0;0;0;0;1;0;0;0;0
55,419;-53,827;1229,2;3,0509;34,86;0;0;0;0;0;0;0;0;0;0;1;0;0;0;0
55,419;-53,827;1428,3;2,923;34,857;0;0;0;0;0;0;0;0;0;0;1;0;0;0;0
55,263;-53,982;1208,5;3,0522;34,858;0;0;0;0;0;0;0;0;0;0;1;0;0;0;0
55,263;-53,982;1388,9;2,9917;34,861;0;0;0;0;0;0;0;0;0;0;1;0;0;0;0
55,614;-53,628;1258,1;3,0766;34,86;0;0;0;0;0;0;0;0;0;0;1;0;0;0;0
55,614;-53,628;1478,8;2,9499;34,858;0;0;0;0;0;0;0;0;0;0;1;0;0;0;0
55,846;-53,395;1090,3;3,0725;34,839;0;0;0;0;0;0;0;0;0;0;1;0;0;0;0
55,846;-53,395;1309,4;3,0897;34,861;0;0;0;0;0;0;0;0;0;0;1;0;0;0;0
56,117;-53,118;760,5;3,077;34,831;0;0;0;0;0;0;0;0;0;0;1;0;0;0;0
56,117;-53,118;960,5;3,0765;34,841;0;0;0;0;0;0;0;0;0;0;1;0;0;0;0
56,117;-53,118;1179,4;3,0352;34,851;0;0;0;0;0;0;0;0;0;0;1;0;0;0;0
56,117;-53,118;1398,2;2,9414;34,852;0;0;0;0;0;0;0;0;0;0;1;0;0;0;0
56,537;-52,681;1323,2;3,0298;34,853;0;0;0;0;0;0;0;0;0;0;1;0;0;0;0
56,956;-52,231;818;3,0753;34,832;0;0;0;0;0;0;0;0;0;0;1;0;0;0;0
56,956;-52,231;1238,8;3,0004;34,849;0;0;0;0;0;0;0;0;0;0;1;0;0;0;0
56,956;-52,231;1481,7;2,9437;34,853;0;0;0;0;0;0;0;0;0;0;1;0;0;0;0
57,375;-51,785;868,6;3,0817;34,824;0;0;0;0;0;0;0;0;0;0;1;0;0;0;0
57,375;-51,785;1291,9;3,0374;34,848;0;0;0;0;0;0;0;0;0;0;1;0;0;0;0
58,213;-50,875;1047,8;3,0749;34,838;0;0;0;0;0;0;0;0;0;0;1;0;0;0;0
58,213;-50,875;1268,9;3,0757;34,853;0;0;0;0;0;0;0;0;0;0;1;0;0;0;0
59,067;-49,949;666,8;3,0914;34,814;0;0;0;0;0;0;0;0;0;0;1;0;0;0;0
59,067;-49,949;1050,6;3,0802;34,839;0;0;0;0;0;0;0;0;0;0;1;0;0;0;0
59,067;-49,949;1274,8;3,0432;34,852;0;0;0;0;0;0;0;0;0;0;1;0;0;0;0
59,484;-49,475;1271,5;3,091;34,853;0;0;0;0;0;0;0;0;0;0;1;0;0;0;0
59,484;-49,475;1489,1;2,9689;34,849;0;0;0;0;0;0;0;0;0;0;1;0;0;0;0
59,749;-49,167;1338,7;3,0148;34,853;0;0;0;0;0;0;0;0;0;0;1;0;0;0;0
55,265;-53,984;1393,8;3,0568;34,865;0;0;0;0;0;0;0;0;0;0;1;0;0;0;0
55,428;-53,814;1406,4;3,0262;34,864;0;0;0;0;0;0;0;0;0;0;1;0;0;0;0
55,612;-53,631;1397,8;3,0407;34,862;0;0;0;0;0;0;0;0;0;0;1;0;0;0;0
56,538;-52,678;1498,2;2,9949;34,858;0;0;0;0;0;0;0;0;0;0;1;0;0;0;0
56,527;-52,674;1401,5;3,0308;34,862;0;0;0;0;0;0;0;0;0;0;1;0;0;0;0
58,647;-50,44;1499,9;3,0263;34,858;0;0;0;0;0;0;0;0;0;0;1;0;0;0;0
59,982;-48,898;1378,9;3,0728;34,875;0;0;0;0;0;0;0;0;0;0;1;0;0;0;0
59,982;-48,898;1498,9;2,9568;34,868;0;0;0;0;0;0;0;0;0;0;1;0;0;0;0
59,75;-49,166;1429,7;3,0476;34,871;0;0;0;0;0;0;0;0;0;0;1;0;0;0;0
59,067;-49,95;1499,7;3,05;34,862;0;0;0;0;0;0;0;0;0;0;1;0;0;0;0
55,414;-53,809;1408,1;2,9493;34,863;0;0;0;0;0;0;0;0;0;0;1;0;0;0;0
56,84;-53,978;1001,1;3,0957;34,826;0;0;0;0;0;0;0;0;0;0;1;0;0;0;0
56,84;-53,978;1001,2;3,0966;34,826;0;0;0;0;0;0;0;0;0;0;1;0;0;0;0
56,84;-53,978;1001,6;3,0995;34,827;0;0;0;0;0;0;0;0;0;0;1;0;0;0;0
56,84;-53,978;1001,7;3,0997;34,827;0;0;0;0;0;0;0;0;0;0;1;0;0;0;0
56,84;-53,978;1002;3,0978;34,827;0;0;0;0;0;0;0;0;0;0;1;0;0;0;0
56,109;-53,121;579,8;3,0774;34,805;0;0;0;0;0;0;0;0;0;0;1;0;0;0;0
56,109;-53,121;760,3;3,086;34,823;0;0;0;0;0;0;0;0;0;0;1;0;0;0;0
56,109;-53,121;1400,2;3,0938;34,865;0;0;0;0;0;0;0;0;0;0;1;0;0;0;0
55,597;-53,657;1434;3,0216;34,868;0;0;0;0;0;0;0;0;0;0;1;0;0;0;0
56,537;-52,678;679,5;3,0778;34,813;0;0;0;0;0;0;0;0;0;0;1;0;0;0;0
56,537;-52,678;869,8;3,0829;34,822;0;0;0;0;0;0;0;0;0;0;1;0;0;0;0
56,537;-52,678;1499,8;3,0789;34,865;0;0;0;0;0;0;0;0;0;0;1;0;0;0;0
57,587;-51,551;1289,9;3,0588;34,813;0;0;0;0;0;0;0;0;0;0;1;0;0;0;0
57,587;-51,551;1360,6;3,0508;34,813;0;0;0;0;0;0;0;0;0;0;1;0;0;0;0
58,215;-50,889;849,5;3,0779;34,812;0;0;0;0;0;0;0;0;0;0;1;0;0;0;0
58,215;-50,889;989,3;3,0595;34,813;0;0;0;0;0;0;0;0;0;0;1;0;0;0;0
58,215;-50,889;1289,9;3,0963;34,826;0;0;0;0;0;0;0;0;0;0;1;0;0;0;0
59,754;-49,158;1429,1;3,0971;34,871;0;0;0;0;0;0;0;0;0;0;1;0;0;0;0
59,996;-48,907;1378,9;3,0613;34,874;0;0;0;0;0;0;0;0;0;0;1;0;0;0;0
57,885;-51,232;870,7;3,0956;34,823;0;0;0;0;0;0;0;0;0;0;1;0;0;0;0
57,247;-51,9;680,5;3,0362;34,808;0;0;0;0;0;0;0;0;0;0;1;0;0;0;0
57,247;-51,9;868,5;3,0866;34,818;0;0;0;0;0;0;0;0;0;0;1;0;0;0;0
56,602;-52,999;743,9;3,0864;34,817;0;0;0;0;0;0;0;0;0;0;1;0;0;0;0
56,602;-52,999;1499,1;3,0945;34,867;0;0;0;0;0;0;0;0;0;0;1;0;0;0;0
55,259;-53,975;1391,6;3,058;34,87;0;0;0;0;0;0;0;0;0;0;1;0;0;0;0
55,42;-53,825;1409,7;2,9914;34,872;0;0;0;0;0;0;0;0;0;0;1;0;0;0;0
55,624;-53,645;1429,4;3,0903;34,877;0;0;0;0;0;0;0;0;0;0;1;0;0;0;0
56,114;-53,117;761,2;3,0807;34,812;0;0;0;0;0;0;0;0;0;0;1;0;0;0;0
55,262;-53,983;1389,8;3,0628;34,876;0;0;0;0;0;0;0;0;0;0;1;0;0;0;0
48,334;-46,932;1464,6;3,0637;34,88;0;0;0;0;0;0;0;0;0;0;1;0;0;0;0
59,333;-45,932;1371,2;3,0093;34,88;0;0;0;0;0;0;0;0;0;0;1;0;0;0;0
59,25;-44,014;1436,6;2,9986;34,884;0;0;0;0;0;0;0;0;0;0;1;0;0;0;0
59,005;-44,006;1380;3,0745;34,883;0;0;0;0;0;0;0;0;0;0;1;0;0;0;0
58,497;-44,001;1210,1;2,9967;34,879;0;0;0;0;0;0;0;0;0;0;1;0;0;0;0
58,497;-44,001;1390,9;2,8066;34,883;0;0;0;0;0;0;0;0;0;0;1;0;0;0;0
55,402;-43,996;1470,2;3,0925;34,877;0;0;0;0;0;0;0;0;0;0;1;0;0;0;0
54,801;-43,997;1453;3,0932;34,878;0;0;0;0;0;0;0;0;0;0;1;0;0;0;0
51,465;-47,214;1480,7;3,0755;34,88;0;0;0;0;0;0;0;0;0;0;1;0;0;0;0
57,252;-50,02;510;3,0966;34,792;0;0;0;0;0;0;0;0;0;0;1;0;0;0;0
55,902;-45,977;500;3,0753;34,787;0;0;0;0;0;0;0;0;0;0;1;0;0;0;0
54,633;-36,783;1401,9;2,9477;34,859;0;0;0;0;0;0;0;0;0;0;1;0;0;0;0
55,033;-37,28;1002,6;3,0731;34,864;0;0;0;0;0;0;0;0;0;0;1;0;0;0;0
55,033;-37,28;1101,8;2,998;34,86;0;0;0;0;0;0;0;0;0;0;1;0;0;0;0
55,033;-37,28;1202,5;2,9402;34,857;0;0;0;0;0;0;0;0;0;0;1;0;0;0;0
55,033;-37,28;1303,5;2,8948;34,855;0;0;0;0;0;0;0;0;0;0;1;0;0;0;0
55,033;-37,28;1401,1;2,8624;34,856;0;0;0;0;0;0;0;0;0;0;1;0;0;0;0
55,85;-38,299;1395,2;2,9847;34,869;0;0;0;0;0;0;0;0;0;0;1;0;0;0;0
56,272;-38,819;992,1;3,0787;34,864;0;0;0;0;0;0;0;0;0;0;1;0;0;0;0
56,272;-38,819;1188,4;2,9503;34,854;0;0;0;0;0;0;0;0;0;0;1;0;0;0;0
56,272;-38,819;1395,7;2,8596;34,85;0;0;0;0;0;0;0;0;0;0;1;0;0;0;0
56,664;-39,333;802,8;3,0837;34,859;0;0;0;0;0;0;0;0;0;0;1;0;0;0;0
56,664;-39,333;1003,3;2,968;34,854;0;0;0;0;0;0;0;0;0;0;1;0;0;0;0
56,664;-39,333;1206,1;2,9103;34,854;0;0;0;0;0;0;0;0;0;0;1;0;0;0;0
56,664;-39,333;1403,6;2,8477;34,851;0;0;0;0;0;0;0;0;0;0;1;0;0;0;0
57,089;-39,867;798,8;3,0684;34,861;0;0;0;0;0;0;0;0;0;0;1;0;0;0;0
57,089;-39,867;998,5;2,9274;34,852;0;0;0;0;0;0;0;0;0;0;1;0;0;0;0
57,089;-39,867;1200,3;2,8382;34,845;0;0;0;0;0;0;0;0;0;0;1;0;0;0;0
57,089;-39,867;1400,3;2,8057;34,845;0;0;0;0;0;0;0;0;0;0;1;0;0;0;0
57,485;-40,395;1005,9;2,994;34,859;0;0;0;0;0;0;0;0;0;0;1;0;0;0;0
57,485;-40,395;1203;2,937;34,859;0;0;0;0;0;0;0;0;0;0;1;0;0;0;0
57,485;-40,395;1402;2,8396;34,851;0;0;0;0;0;0;0;0;0;0;1;0;0;0;0
57,903;-40,936;706,1;3,0208;34,849;0;0;0;0;0;0;0;0;0;0;1;0;0;0;0
57,903;-40,936;799,8;2,9661;34,847;0;0;0;0;0;0;0;0;0;0;1;0;0;0;0
57,903;-40,936;1002,1;2,8911;34,848;0;0;0;0;0;0;0;0;0;0;1;0;0;0;0
57,903;-40,936;1200,5;2,8309;34,844;0;0;0;0;0;0;0;0;0;0;1;0;0;0;0
57,903;-40,936;1402,1;2,7912;34,844;0;0;0;0;0;0;0;0;0;0;1;0;0;0;0
58,303;-41,472;700,8;3,0435;34,846;0;0;0;0;0;0;0;0;0;0;1;0;0;0;0
58,303;-41,472;806,1;2,9726;34,844;0;0;0;0;0;0;0;0;0;0;1;0;0;0;0
58,303;-41,472;1004,4;2,9163;34,847;0;0;0;0;0;0;0;0;0;0;1;0;0;0;0
58,303;-41,472;1253;2,8283;34,844;0;0;0;0;0;0;0;0;0;0;1;0;0;0;0
58,511;-41,758;702,2;3,036;34,852;0;0;0;0;0;0;0;0;0;0;1;0;0;0;0
58,511;-41,758;803,6;2,9793;34,85;0;0;0;0;0;0;0;0;0;0;1;0;0;0;0
58,511;-41,758;1004,1;2,89;34,846;0;0;0;0;0;0;0;0;0;0;1;0;0;0;0
58,511;-41,758;1251,5;2,8142;34,843;0;0;0;0;0;0;0;0;0;0;1;0;0;0;0
58,717;-42,033;800,4;3,063;34,865;0;0;0;0;0;0;0;0;0;0;1;0;0;0;0
58,717;-42,033;1004,1;2,9504;34,857;0;0;0;0;0;0;0;0;0;0;1;0;0;0;0
58,717;-42,033;1206,5;2,8569;34,851;0;0;0;0;0;0;0;0;0;0;1;0;0;0;0
58,717;-42,033;1404,5;2,8102;34,848;0;0;0;0;0;0;0;0;0;0;1;0;0;0;0
58,919;-42,317;1201,4;2,9393;34,86;0;0;0;0;0;0;0;0;0;0;1;0;0;0;0
58,919;-42,317;1398,8;2,876;34,859;0;0;0;0;0;0;0;0;0;0;1;0;0;0;0
59,115;-42,587;1203,5;3,0245;34,873;0;0;0;0;0;0;0;0;0;0;1;0;0;0;0
59,115;-42,587;1400,4;2,898;34,862;0;0;0;0;0;0;0;0;0;0;1;0;0;0;0
59,244;-42,773;1398,1;3,0505;34,882;0;0;0;0;0;0;0;0;0;0;1;0;0;0;0
59,467;-42,614;1388,9;3,008;34,872;0;0;0;0;0;0;0;0;0;0;1;0;0;0;0
59,16;-42,289;1122,9;3,0592;34,869;0;0;0;0;0;0;0;0;0;0;1;0;0;0;0
59,16;-42,289;1339,9;2,8513;34,856;0;0;0;0;0;0;0;0;0;0;1;0;0;0;0
58,847;-41,952;1061,1;2,962;34,858;0;0;0;0;0;0;0;0;0;0;1;0;0;0;0
58,847;-41,952;1257,5;2,8816;34,855;0;0;0;0;0;0;0;0;0;0;1;0;0;0;0
58,847;-41,952;1403,9;2,83;34,849;0;0;0;0;0;0;0;0;0;0;1;0;0;0;0
58,466;-41,57;962,6;3,0738;34,863;0;0;0;0;0;0;0;0;0;0;1;0;0;0;0
58,466;-41,57;1064,4;3,0012;34,858;0;0;0;0;0;0;0;0;0;0;1;0;0;0;0
58,466;-41,57;1165,7;2,9627;34,863;0;0;0;0;0;0;0;0;0;0;1;0;0;0;0
58,466;-41,57;1367;2,8811;34,858;0;0;0;0;0;0;0;0;0;0;1;0;0;0;0
58,167;-41,279;661,1;3,0883;34,841;0;0;0;0;0;0;0;0;0;0;1;0;0;0;0
58,167;-41,279;863,4;3,0788;34,858;0;0;0;0;0;0;0;0;0;0;1;0;0;0;0
58,167;-41,279;963,4;2,989;34,852;0;0;0;0;0;0;0;0;0;0;1;0;0;0;0
58,167;-41,279;1063,8;2,9361;34,85;0;0;0;0;0;0;0;0;0;0;1;0;0;0;0
58,167;-41,279;1266,2;2,8624;34,846;0;0;0;0;0;0;0;0;0;0;1;0;0;0;0
57,741;-40,761;707,2;2,9666;34,822;0;0;0;0;0;0;0;0;0;0;1;0;0;0;0
57,741;-40,761;777,2;2,9479;34,821;0;0;0;0;0;0;0;0;0;0;1;0;0;0;0
57,741;-40,761;1007,8;3,0526;34,858;0;0;0;0;0;0;0;0;0;0;1;0;0;0;0
57,741;-40,761;1207,6;2,9505;34,854;0;0;0;0;0;0;0;0;0;0;1;0;0;0;0
57,741;-40,761;1327,9;2,9181;34,855;0;0;0;0;0;0;0;0;0;0;1;0;0;0;0
57,348;-40,225;566,1;2,9964;34,826;0;0;0;0;0;0;0;0;0;0;1;0;0;0;0
57,348;-40,225;805,6;3,0745;34,853;0;0;0;0;0;0;0;0;0;0;1;0;0;0;0
57,348;-40,225;954,7;3,0062;34,857;0;0;0;0;0;0;0;0;0;0;1;0;0;0;0
57,348;-40,225;1106;2,9195;34,848;0;0;0;0;0;0;0;0;0;0;1;0;0;0;0
57,348;-40,225;1307,8;2,8587;34,845;0;0;0;0;0;0;0;0;0;0;1;0;0;0;0
56,936;-39,684;848,2;3,0848;34,857;0;0;0;0;0;0;0;0;0;0;1;0;0;0;0
56,936;-39,684;1008,8;2,9922;34,855;0;0;0;0;0;0;0;0;0;0;1;0;0;0;0
56,936;-39,684;1211,7;2,9143;34,851;0;0;0;0;0;0;0;0;0;0;1;0;0;0;0
56,936;-39,684;1415;2,8487;34,852;0;0;0;0;0;0;0;0;0;0;1;0;0;0;0
56,516;-39,169;1181,6;3,0086;34,859;0;0;0;0;0;0;0;0;0;0;1;0;0;0;0
56,516;-39,169;1384,3;2,9035;34,858;0;0;0;0;0;0;0;0;0;0;1;0;0;0;0
56,122;-38,649;1175,4;3,0866;34,865;0;0;0;0;0;0;0;0;0;0;1;0;0;0;0
56,122;-38,649;1308,2;3,0024;34,864;0;0;0;0;0;0;0;0;0;0;1;0;0;0;0
56,122;-38,649;1461;2,9347;34,861;0;0;0;0;0;0;0;0;0;0;1;0;0;0;0
55,702;-38,129;1415,7;2,9288;34,863;0;0;0;0;0;0;0;0;0;0;1;0;0;0;0
55,283;-37,639;1265,2;3,0901;34,875;0;0;0;0;0;0;0;0;0;0;1;0;0;0;0
55,283;-37,639;1385,4;3,0301;34,872;0;0;0;0;0;0;0;0;0;0;1;0;0;0;0
45,677;-47,864;1185,3;3,0479;34,847;0;0;0;0;0;0;0;0;0;0;1;0;0;0;0
47,083;-47,049;1003,3;3,0761;34,846;0;0;0;0;0;0;0;0;0;0;1;0;0;0;0
47,083;-47,049;1107,6;3,0025;34,847;0;0;0;0;0;0;0;0;0;0;1;0;0;0;0
47,087;-46,675;1072;2,9984;34,848;0;0;0;0;0;0;0;0;0;0;1;0;0;0;0
48,368;-44,536;828,4;3,0338;34,845;0;0;0;0;0;0;0;0;0;0;1;0;0;0;0
48,368;-44,536;901,5;3,0015;34,847;0;0;0;0;0;0;0;0;0;0;1;0;0;0;0
48,637;-44,388;502;2,7545;34,751;0;0;0;0;0;0;0;0;0;0;1;0;0;0;0
48,637;-44,388;603;2,7845;34,764;0;0;0;0;0;0;0;0;0;0;1;0;0;0;0
48,637;-44,388;651,5;2,9552;34,782;0;0;0;0;0;0;0;0;0;0;1;0;0;0;0
48,637;-44,388;700,8;3,0074;34,793;0;0;0;0;0;0;0;0;0;0;1;0;0;0;0
48,637;-44,388;1154,1;3,0583;34,852;0;0;0;0;0;0;0;0;0;0;1;0;0;0;0
48,637;-44,388;1302,6;3,0107;34,854;0;0;0;0;0;0;0;0;0;0;1;0;0;0;0
48,637;-44,388;1454,3;2,9783;34,86;0;0;0;0;0;0;0;0;0;0;1;0;0;0;0
48,95;-44,183;1003,4;3,0791;34,853;0;0;0;0;0;0;0;0;0;0;1;0;0;0;0
48,95;-44,183;1102,8;3,0425;34,853;0;0;0;0;0;0;0;0;0;0;1;0;0;0;0
48,95;-44,183;1201,7;3,003;34,855;0;0;0;0;0;0;0;0;0;0;1;0;0;0;0
48,95;-44,183;1354;3,0242;34,873;0;0;0;0;0;0;0;0;0;0;1;0;0;0;0
49,134;-44;1103;3,0296;34,852;0;0;0;0;0;0;0;0;0;0;1;0;0;0;0
49,134;-44;1253,7;2,9909;34,853;0;0;0;0;0;0;0;0;0;0;1;0;0;0;0
49,134;-44;1403,3;3,0538;34,875;0;0;0;0;0;0;0;0;0;0;1;0;0;0;0
49,333;-43,819;1102,9;3,0782;34,851;0;0;0;0;0;0;0;0;0;0;1;0;0;0;0
49,333;-43,819;1303,3;3,0611;34,86;0;0;0;0;0;0;0;0;0;0;1;0;0;0;0
48,709;-44,217;501,8;2,7605;34,778;0;0;0;0;0;0;0;0;0;0;1;0;0;0;0
48,709;-44,217;602,6;2,7905;34,784;0;0;0;0;0;0;0;0;0;0;1;0;0;0;0
48,709;-44,217;651,9;2,9184;34,801;0;0;0;0;0;0;0;0;0;0;1;0;0;0;0
48,709;-44,217;702,6;3,051;34,823;0;0;0;0;0;0;0;0;0;0;1;0;0;0;0
48,709;-44,217;1003,8;3,083;34,852;0;0;0;0;0;0;0;0;0;0;1;0;0;0;0
48,787;-44,124;500;2,9648;34,806;0;0;0;0;0;0;0;0;0;0;1;0;0;0;0
48,787;-44,124;1011,2;3,0418;34,852;0;0;0;0;0;0;0;0;0;0;1;0;0;0;0
48,773;-44,297;1002,1;3,0335;34,853;0;0;0;0;0;0;0;0;0;0;1;0;0;0;0
48,636;-44,276;502;3,0304;34,815;0;0;0;0;0;0;0;0;0;0;1;0;0;0;0
48,636;-44,276;1003,7;3,0443;34,852;0;0;0;0;0;0;0;0;0;0;1;0;0;0;0
53,95;-46,43;801,2;2,9842;34,833;0;0;0;0;0;0;0;0;0;0;1;0;0;0;0
53,95;-46,43;902,3;3,0173;34,843;0;0;0;0;0;0;0;0;0;0;1;0;0;0;0
53,95;-46,43;1052,7;2,9741;34,841;0;0;0;0;0;0;0;0;0;0;1;0;0;0;0
53,95;-46,43;1252,9;2,9127;34,839;0;0;0;0;0;0;0;0;0;0;1;0;0;0;0
53,95;-46,43;1452,9;2,9102;34,842;0;0;0;0;0;0;0;0;0;0;1;0;0;0;0
55,2;-47,134;500,9;2,8611;34,827;0;0;0;0;0;0;0;0;0;0;1;0;0;0;0
55,2;-47,134;599,9;2,8862;34,832;0;0;0;0;0;0;0;0;0;0;1;0;0;0;0
55,2;-47,134;701,6;2,8055;34,824;0;0;0;0;0;0;0;0;0;0;1;0;0;0;0
55,2;-47,134;826,7;2,7905;34,823;0;0;0;0;0;0;0;0;0;0;1;0;0;0;0
55,2;-47,134;951,8;2,7853;34,824;0;0;0;0;0;0;0;0;0;0;1;0;0;0;0
55,2;-47,134;1151,6;2,7761;34,823;0;0;0;0;0;0;0;0;0;0;1;0;0;0;0
55,2;-47,134;1352,6;2,8008;34,829;0;0;0;0;0;0;0;0;0;0;1;0;0;0;0
58,31;-42,639;700,8;3,0919;34,86;0;0;0;0;0;0;0;0;0;0;1;0;0;0;0
58,31;-42,639;910,8;3,0038;34,85;0;0;0;0;0;0;0;0;0;0;1;0;0;0;0
58,31;-42,639;1051,9;2,9632;34,847;0;0;0;0;0;0;0;0;0;0;1;0;0;0;0
58,31;-42,639;1202,8;2,9415;34,847;0;0;0;0;0;0;0;0;0;0;1;0;0;0;0
58,31;-42,639;1353,2;2,9402;34,849;0;0;0;0;0;0;0;0;0;0;1;0;0;0;0
58,501;-42,685;651,6;3,0387;34,853;0;0;0;0;0;0;0;0;0;0;1;0;0;0;0
58,501;-42,685;851;2,9864;34,847;0;0;0;0;0;0;0;0;0;0;1;0;0;0;0
58,501;-42,685;1051,4;2,9464;34,843;0;0;0;0;0;0;0;0;0;0;1;0;0;0;0
58,501;-42,685;1177,9;2,9118;34,84;0;0;0;0;0;0;0;0;0;0;1;0;0;0;0
58,501;-42,685;1303,7;2,9067;34,841;0;0;0;0;0;0;0;0;0;0;1;0;0;0;0
58,501;-42,685;1402,7;2,8867;34,842;0;0;0;0;0;0;0;0;0;0;1;0;0;0;0
58,664;-42,801;1101,6;3,0605;34,856;0;0;0;0;0;0;0;0;0;0;1;0;0;0;0
58,664;-42,801;1202,4;3,0158;34,85;0;0;0;0;0;0;0;0;0;0;1;0;0;0;0
58,664;-42,801;1302,1;2,983;34,848;0;0;0;0;0;0;0;0;0;0;1;0;0;0;0
58,664;-42,801;1402,5;2,9579;34,849;0;0;0;0;0;0;0;0;0;0;1;0;0;0;0
58,082;-42,498;600,4;2,9598;34,845;0;0;0;0;0;0;0;0;0;0;1;0;0;0;0
58,082;-42,498;802,2;2,8887;34,837;0;0;0;0;0;0;0;0;0;0;1;0;0;0;0
58,082;-42,498;1002;2,8718;34,837;0;0;0;0;0;0;0;0;0;0;1;0;0;0;0
58,082;-42,498;1202,6;2,8405;34,835;0;0;0;0;0;0;0;0;0;0;1;0;0;0;0
58,082;-42,498;1402,7;2,8274;34,834;0;0;0;0;0;0;0;0;0;0;1;0;0;0;0
59,8;-42,003;1397,3;2,9434;34,878;0;0;0;0;0;0;0;0;0;0;1;0;0;0;0
59,8;-42,003;1446,5;2,9245;34,877;0;0;0;0;0;0;0;0;0;0;1;0;0;0;0
59,795;-41,728;1396,2;2,9386;34,876;0;0;0;0;0;0;0;0;0;0;1;0;0;0;0
59,773;-41,296;1396;3,0118;34,886;0;0;0;0;0;0;0;0;0;0;1;0;0;0;0
59,773;-41,296;1495,2;2,9086;34,888;0;0;0;0;0;0;0;0;0;0;1;0;0;0;0
59,773;-41,296;1496,3;2,9085;34,886;0;0;0;0;0;0;0;0;0;0;1;0;0;0;0
59,756;-40,904;1395,2;3,0396;34,882;0;0;0;0;0;0;0;0;0;0;1;0;0;0;0
59,724;-40,252;1396,7;3,0731;34,882;0;0;0;0;0;0;0;0;0;0;1;0;0;0;0
59,685;-39,6;1395,7;3,09;34,884;0;0;0;0;0;0;0;0;0;0;1;0;0;0;0
59,654;-41,816;1398,9;2,9631;34,885;0;0;0;0;0;0;0;0;0;0;1;0;0;0;0
59,791;-41,985;1494,9;3,0559;34,888;0;0;0;0;0;0;0;0;0;0;1;0;0;0;0
59,789;-41,736;1396,8;2,9504;34,889;0;0;0;0;0;0;0;0;0;0;1;0;0;0;0
59,789;-41,736;1495,1;2,7583;34,888;0;0;0;0;0;0;0;0;0;0;1;0;0;0;0
59,751;-41,282;1395,1;2,9337;34,889;0;0;0;0;0;0;0;0;0;0;1;0;0;0;0
59,392;-36,85;1419,5;3,0781;34,872;0;0;0;0;0;0;0;0;0;0;1;0;0;0;0
59,465;-37,778;1418,5;3,0564;34,873;0;0;0;0;0;0;0;0;0;0;1;0;0;0;0
59,57;-38,772;1416;3,0972;34,873;0;0;0;0;0;0;0;0;0;0;1;0;0;0;0
59,667;-39,745;1418,4;3,0446;34,874;0;0;0;0;0;0;0;0;0;0;1;0;0;0;0
59,745;-40,743;1418,6;3,0663;34,876;0;0;0;0;0;0;0;0;0;0;1;0;0;0;0
59,845;-41,748;1216,8;2,967;34,886;0;0;0;0;0;0;0;0;0;0;1;0;0;0;0
59,853;-41,756;1499;3,0347;34,911;0;0;0;0;0;0;0;0;0;0;1;0;0;0;0
59,227;-35,925;1212,4;3,0915;34,862;0;0;0;0;0;0;0;0;0;0;1;0;0;0;0
59,353;-36,895;1315,2;3,0604;34,854;0;0;0;0;0;0;0;0;0;0;1;0;0;0;0
59,456;-37,778;1307,3;2,9492;34,845;0;0;0;0;0;0;0;0;0;0;1;0;0;0;0
59,456;-37,778;1307,3;2,9492;34,845;0;0;0;0;0;0;0;0;0;0;1;0;0;0;0
59,456;-37,778;1307,3;2,9492;34,845;0;0;0;0;0;0;0;0;0;0;1;0;0;0;0
59,456;-37,778;1308,3;2,9487;34,845;0;0;0;0;0;0;0;0;0;0;1;0;0;0;0
59,456;-37,778;1308,3;2,9487;34,845;0;0;0;0;0;0;0;0;0;0;1;0;0;0;0
59,456;-37,778;1308,3;2,9487;34,845;0;0;0;0;0;0;0;0;0;0;1;0;0;0;0
59,456;-37,778;1309,3;2,9483;34,845;0;0;0;0;0;0;0;0;0;0;1;0;0;0;0
59,456;-37,778;1310,3;2,9478;34,845;0;0;0;0;0;0;0;0;0;0;1;0;0;0;0
59,456;-37,778;1311,3;2,9475;34,845;0;0;0;0;0;0;0;0;0;0;1;0;0;0;0
59,456;-37,778;1311,3;2,9475;34,845;0;0;0;0;0;0;0;0;0;0;1;0;0;0;0
59,456;-37,778;1312,3;2,9473;34,845;0;0;0;0;0;0;0;0;0;0;1;0;0;0;0
59,456;-37,778;1312,3;2,9473;34,845;0;0;0;0;0;0;0;0;0;0;1;0;0;0;0
59,456;-37,778;1313,3;2,947;34,845;0;0;0;0;0;0;0;0;0;0;1;0;0;0;0
59,456;-37,778;1313,3;2,947;34,845;0;0;0;0;0;0;0;0;0;0;1;0;0;0;0
59,456;-37,778;1314,3;2,9468;34,845;0;0;0;0;0;0;0;0;0;0;1;0;0;0;0
59,456;-37,778;1314,3;2,9468;34,845;0;0;0;0;0;0;0;0;0;0;1;0;0;0;0
59,456;-37,778;1314,3;2,9468;34,845;0;0;0;0;0;0;0;0;0;0;1;0;0;0;0
59,456;-37,778;1314,3;2,9468;34,845;0;0;0;0;0;0;0;0;0;0;1;0;0;0;0
59,456;-37,778;1315,2;2,9469;34,845;0;0;0;0;0;0;0;0;0;0;1;0;0;0;0
59,456;-37,778;1315,2;2,9469;34,845;0;0;0;0;0;0;0;0;0;0;1;0;0;0;0
59,456;-37,778;1315,2;2,9469;34,845;0;0;0;0;0;0;0;0;0;0;1;0;0;0;0
59,456;-37,778;1315,2;2,9469;34,845;0;0;0;0;0;0;0;0;0;0;1;0;0;0;0
59,456;-37,778;1315,2;2,9469;34,845;0;0;0;0;0;0;0;0;0;0;1;0;0;0;0
59,456;-37,778;1316,3;2,947;34,845;0;0;0;0;0;0;0;0;0;0;1;0;0;0;0
59,461;-37,836;910,86;3,0537;34,855;0;0;0;0;0;0;0;0;0;0;1;0;0;0;0
59,461;-37,836;1112,5;2,9884;34,848;0;0;0;0;0;0;0;0;0;0;1;0;0;0;0
59,461;-37,836;1315,2;2,9356;34,843;0;0;0;0;0;0;0;0;0;0;1;0;0;0;0
59,544;-38,855;908,83;3,0999;34,86;0;0;0;0;0;0;0;0;0;0;1;0;0;0;0
59,544;-38,855;1110,6;3,0451;34,854;0;0;0;0;0;0;0;0;0;0;1;0;0;0;0
59,544;-38,855;1315,2;2,9825;34,848;0;0;0;0;0;0;0;0;0;0;1;0;0;0;0
59,783;-40,743;1315,2;3,067;34,858;0;0;0;0;0;0;0;0;0;0;1;0;0;0;0
59,783;-40,743;1389,2;3,0345;34,857;0;0;0;0;0;0;0;0;0;0;1;0;0;0;0
59,783;-40,743;1467,1;3,0805;34,869;0;0;0;0;0;0;0;0;0;0;1;0;0;0;0
59,666;-39,747;1113,5;3,0853;34,857;0;0;0;0;0;0;0;0;0;0;1;0;0;0;0
59,666;-39,747;1314,3;3,0107;34,85;0;0;0;0;0;0;0;0;0;0;1;0;0;0;0
55,749;-37,213;1117,9;3,0745;34,871;0;0;0;0;0;0;0;0;0;0;1;0;0;0;0
55,749;-37,213;1213,9;2,9878;34,864;0;0;0;0;0;0;0;0;0;0;1;0;0;0;0
55,749;-37,213;1419,7;2,8937;34,858;0;0;0;0;0;0;0;0;0;0;1;0;0;0;0
56,141;-37,779;1166;3,0854;34,873;0;0;0;0;0;0;0;0;0;0;1;0;0;0;0
56,141;-37,779;1372,1;2,964;34,862;0;0;0;0;0;0;0;0;0;0;1;0;0;0;0
56,522;-38,358;1278,9;3,0529;34,859;0;0;0;0;0;0;0;0;0;0;1;0;0;0;0
56,926;-38,907;1281,6;3,0808;34,881;0;0;0;0;0;0;0;0;0;0;1;0;0;0;0
57,307;-39,466;1013,8;3,0665;34,859;0;0;0;0;0;0;0;0;0;0;1;0;0;0;0
57,307;-39,466;1117,5;3,038;34,862;0;0;0;0;0;0;0;0;0;0;1;0;0;0;0
57,307;-39,466;1215,3;2,9844;34,857;0;0;0;0;0;0;0;0;0;0;1;0;0;0;0
57,307;-39,466;1412,5;2,893;34,851;0;0;0;0;0;0;0;0;0;0;1;0;0;0;0
57,703;-40,046;1173,1;3,0829;34,859;0;0;0;0;0;0;0;0;0;0;1;0;0;0;0
57,703;-40,046;1369,3;2,9802;34,855;0;0;0;0;0;0;0;0;0;0;1;0;0;0;0
58,084;-40,622;1021,8;3,0931;34,865;0;0;0;0;0;0;0;0;0;0;1;0;0;0;0
58,084;-40,622;1131,7;3,0061;34,858;0;0;0;0;0;0;0;0;0;0;1;0;0;0;0
58,084;-40,622;1287,5;2,9294;34,854;0;0;0;0;0;0;0;0;0;0;1;0;0;0;0
58,407;-41,064;1015,9;2,9976;34,853;0;0;0;0;0;0;0;0;0;0;1;0;0;0;0
58,407;-41,064;1224,1;2,9382;34,853;0;0;0;0;0;0;0;0;0;0;1;0;0;0;0
58,407;-41,064;1436;2,8663;34,849;0;0;0;0;0;0;0;0;0;0;1;0;0;0;0
58,689;-41,477;994;3,0065;34,857;0;0;0;0;0;0;0;0;0;0;1;0;0;0;0
58,689;-41,477;1195,2;2,898;34,85;0;0;0;0;0;0;0;0;0;0;1;0;0;0;0
58,689;-41,477;1396,1;2,8385;34,848;0;0;0;0;0;0;0;0;0;0;1;0;0;0;0
58,858;-41,742;947,4;3,0212;34,861;0;0;0;0;0;0;0;0;0;0;1;0;0;0;0
58,858;-41,742;1091;2,9249;34,853;0;0;0;0;0;0;0;0;0;0;1;0;0;0;0
58,858;-41,742;1284,2;2,8516;34,851;0;0;0;0;0;0;0;0;0;0;1;0;0;0;0
58,858;-41,742;1488,1;2,7993;34,847;0;0;0;0;0;0;0;0;0;0;1;0;0;0;0
58,992;-41,921;1010,8;3,0442;34,863;0;0;0;0;0;0;0;0;0;0;1;0;0;0;0
58,992;-41,921;1207,8;2,9051;34,852;0;0;0;0;0;0;0;0;0;0;1;0;0;0;0
58,992;-41,921;1406,8;2,8342;34,848;0;0;0;0;0;0;0;0;0;0;1;0;0;0;0
59,132;-42,134;1096,3;3,0893;34,87;0;0;0;0;0;0;0;0;0;0;1;0;0;0;0
59,132;-42,134;1194,7;3,0105;34,865;0;0;0;0;0;0;0;0;0;0;1;0;0;0;0
59,132;-42,134;1390,6;2,8557;34,852;0;0;0;0;0;0;0;0;0;0;1;0;0;0;0
59,291;-42,428;1150;3,0305;34,869;0;0;0;0;0;0;0;0;0;0;1;0;0;0;0
59,291;-42,428;1301;2,8599;34,855;0;0;0;0;0;0;0;0;0;0;1;0;0;0;0
59,291;-42,428;1499,6;2,8615;34,876;0;0;0;0;0;0;0;0;0;0;1;0;0;0;0
59,449;-42,645;1396,9;2,9871;34,871;0;0;0;0;0;0;0;0;0;0;1;0;0;0;0
47;-43,266;1497,3;3,047;34,907;0;0;0;0;0;0;0;0;0;0;1;0;0;0;0
58,658;-43,826;1499,9;2,8736;34,902;0;0;0;0;0;0;0;0;0;0;1;0;0;0;0
58,657;-43,739;1409,6;3,0523;34,907;0;0;0;0;0;0;0;0;0;0;1;0;0;0;0
58,868;-43,741;1398;2,9765;34,906;0;0;0;0;0;0;0;0;0;0;1;0;0;0;0
49,339;-44,2215;1499,4;3,09587755163671;34,9212;0;0;0;0;0;0;0;0;0;0;1;0;0;0;0
48,9995;-45,001;1498,3;3,06345017787121;34,92;0;0;0;0;0;0;0;0;0;0;1;0;0;0;0
58,7502;-43,666;1497,2;2,80631384161599;34,9222;0;0;0;0;0;0;0;0;0;0;1;0;0;0;0
58,7502;-43,666;1499,5;2,80414523281393;34,9222;0;0;0;0;0;0;0;0;0;0;1;0;0;0;0
58,8233;-43,8472;1398,7;3,01298818678979;34,9229;0;0;0;0;0;0;0;0;0;0;1;0;0;0;0
58,8233;-43,8472;1496,2;2,81194406320023;34,9178;0;0;0;0;0;0;0;0;0;0;1;0;0;0;0
60,498;-16,997;2585;2,4301;34,977;0;0;0;0;0;0;0;0;0;0;0;1;0;0;0
60,75;-16,988;2551;2,4333;34,978;0;0;0;0;0;0;0;0;0;0;0;1;0;0;0
61,02;-17,023;2445;2,4719;34,98;0;0;0;0;0;0;0;0;0;0;0;1;0;0;0
61,02;-17,023;2495;2,3916;34,978;0;0;0;0;0;0;0;0;0;0;0;1;0;0;0
61,258;-17,008;2436;2,3791;34,982;0;0;0;0;0;0;0;0;0;0;0;1;0;0;0
61,258;-17,008;2458;2,3783;34,981;0;0;0;0;0;0;0;0;0;0;0;1;0;0;0
61,5;-17,005;2420;2,4933;34,981;0;0;0;0;0;0;0;0;0;0;0;1;0;0;0
62,257;-16,983;2066;2,3823;34,967;0;0;0;0;0;0;0;0;0;0;0;1;0;0;0
62,513;-17,017;2023;2,4953;34,976;0;0;0;0;0;0;0;0;0;0;0;1;0;0;0
62,753;-17,002;1601;2,4495;34,976;0;0;0;0;0;0;0;0;0;0;0;1;0;0;0
58,494;-20,493;2893,2;2,4601;34,97;0;0;0;0;0;0;0;0;0;0;0;1;0;0;0
58,494;-20,493;2941,1;2,3909;34,971;0;0;0;0;0;0;0;0;0;0;0;1;0;0;0
57,918;-22,874;2995;2,4926;34,967;0;0;0;0;0;0;0;0;0;0;0;1;0;0;0
58,068;-23,753;2890,1;2,4682;34,97;0;0;0;0;0;0;0;0;0;0;0;1;0;0;0
58,068;-23,753;2944,1;2,4028;34,973;0;0;0;0;0;0;0;0;0;0;0;1;0;0;0
58,068;-23,753;2985,1;2,3615;34,973;0;0;0;0;0;0;0;0;0;0;0;1;0;0;0
58,207;-24,645;2771,4;2,4684;34,976;0;0;0;0;0;0;0;0;0;0;0;1;0;0;0
58,207;-24,645;2822,3;2,4451;34,974;0;0;0;0;0;0;0;0;0;0;0;1;0;0;0
58,349;-25,586;2738,4;2,4663;34,974;0;0;0;0;0;0;0;0;0;0;0;1;0;0;0
58,349;-25,586;2796,3;2,4537;34,972;0;0;0;0;0;0;0;0;0;0;0;1;0;0;0
58,414;-26,562;2534,7;2,4987;34,977;0;0;0;0;0;0;0;0;0;0;0;1;0;0;0
58,414;-26,562;2585,6;2,4583;34,977;0;0;0;0;0;0;0;0;0;0;0;1;0;0;0
58,414;-26,562;2636,5;2,4574;34,975;0;0;0;0;0;0;0;0;0;0;0;1;0;0;0
58,414;-26,562;2698,4;2,4454;34,977;0;0;0;0;0;0;0;0;0;0;0;1;0;0;0
61,499;-20,013;2230,1;2,4434;34,982;0;0;0;0;0;0;0;0;0;0;0;1;0;0;0
61;-20,013;2378,9;2,4455;34,983;0;0;0;0;0;0;0;0;0;0;0;1;0;0;0
61;-20,013;2417,8;2,408;34,982;0;0;0;0;0;0;0;0;0;0;0;1;0;0;0
60,74;-20,018;2382,9;2,4335;34,98;0;0;0;0;0;0;0;0;0;0;0;1;0;0;0
60,48;-20,005;2537,7;2,4136;34,985;0;0;0;0;0;0;0;0;0;0;0;1;0;0;0
60,48;-20,005;2556,6;2,3914;34,984;0;0;0;0;0;0;0;0;0;0;0;1;0;0;0
60,246;-20,012;2672,5;2,4695;34,979;0;0;0;0;0;0;0;0;0;0;0;1;0;0;0
59,983;-19,968;2697,4;2,4654;34,981;0;0;0;0;0;0;0;0;0;0;0;1;0;0;0
59,983;-19,968;2751,4;2,3928;34,977;0;0;0;0;0;0;0;0;0;0;0;1;0;0;0
59,995;-24,497;2229,1;2,4816;34,979;0;0;0;0;0;0;0;0;0;0;0;1;0;0;0
59,995;-24;2223,1;2,3982;34,975;0;0;0;0;0;0;0;0;0;0;0;1;0;0;0
60,001;-23,506;2135,3;2,458;34,982;0;0;0;0;0;0;0;0;0;0;0;1;0;0;0
59,997;-22,935;2408,9;2,4195;34,978;0;0;0;0;0;0;0;0;0;0;0;1;0;0;0
59,996;-22,001;2687,4;2,4232;34,973;0;0;0;0;0;0;0;0;0;0;0;1;0;0;0
59,99;-21,461;2804,3;2,3836;34,973;0;0;0;0;0;0;0;0;0;0;0;1;0;0;0
60;-21;2809,3;2,4423;34,97;0;0;0;0;0;0;0;0;0;0;0;1;0;0;0
60,005;-20,472;2741,4;2,4643;34,975;0;0;0;0;0;0;0;0;0;0;0;1;0;0;0
60,005;-20,472;2796,3;2,4151;34,977;0;0;0;0;0;0;0;0;0;0;0;1;0;0;0
60,013;-19,966;2688,4;2,4491;34,976;0;0;0;0;0;0;0;0;0;0;0;1;0;0;0
59,813;-19,626;2688,4;2,4645;34,972;0;0;0;0;0;0;0;0;0;0;0;1;0;0;0
59,813;-19,626;2743,4;2,3625;34,976;0;0;0;0;0;0;0;0;0;0;0;1;0;0;0
59,649;-19,285;2668,4;2,4576;34,975;0;0;0;0;0;0;0;0;0;0;0;1;0;0;0
59,649;-19,285;2721,4;2,3728;34,975;0;0;0;0;0;0;0;0;0;0;0;1;0;0;0
59,468;-18,935;2762,4;2,4175;34,973;0;0;0;0;0;0;0;0;0;0;0;1;0;0;0
60,45;-17,024;2583,6;2,4344;34,986;0;0;0;0;0;0;0;0;0;0;0;1;0;0;0
60,757;-17,005;2545,6;2,385;34,982;0;0;0;0;0;0;0;0;0;0;0;1;0;0;0
61,008;-17;2502,7;2,4003;34,984;0;0;0;0;0;0;0;0;0;0;0;1;0;0;0
61,008;-17;2504,7;2,3942;34,984;0;0;0;0;0;0;0;0;0;0;0;1;0;0;0
61,249;-17,005;2441,8;2,4654;34,976;0;0;0;0;0;0;0;0;0;0;0;1;0;0;0
61,745;-17,046;2332,9;2,4543;34,985;0;0;0;0;0;0;0;0;0;0;0;1;0;0;0
61,745;-17,046;2369,9;2,4129;34,983;0;0;0;0;0;0;0;0;0;0;0;1;0;0;0
62,252;-17,009;2185,1;2,4706;34,986;0;0;0;0;0;0;0;0;0;0;0;1;0;0;0
62,496;-17,008;1975,4;2,4968;34,994;0;0;0;0;0;0;0;0;0;0;0;1;0;0;0
62,496;-17,008;2032,3;2,4526;34,991;0;0;0;0;0;0;0;0;0;0;0;1;0;0;0
62,821;-15;1977,4;2,421;34,982;0;0;0;0;0;0;0;0;0;0;0;1;0;0;0
62,821;-15;1988,4;2,4071;34,983;0;0;0;0;0;0;0;0;0;0;0;1;0;0;0
60,061;-19,836;2728,8;2,4056;34,971;0;0;0;0;0;0;0;0;0;0;0;1;0;0;0
59,09;-21,966;2867,3;2,4661;34,972;0;0;0;0;0;0;0;0;0;0;0;1;0;0;0
59,09;-21,966;2879,9;2,4659;34,972;0;0;0;0;0;0;0;0;0;0;0;1;0;0;0
59,09;-21,966;2884,3;2,4654;34,972;0;0;0;0;0;0;0;0;0;0;0;1;0;0;0
59,216;-21,082;2901,4;2,4911;34,974;0;0;0;0;0;0;0;0;0;0;0;1;0;0;0
59,478;-23,248;2355,4;2,4298;34,977;0;0;0;0;0;0;0;0;0;0;0;1;0;0;0
59,478;-23,248;2370,5;2,4284;34,975;0;0;0;0;0;0;0;0;0;0;0;1;0;0;0
59,478;-23,248;2373,5;2,4281;34,976;0;0;0;0;0;0;0;0;0;0;0;1;0;0;0
59,334;-22,67;2609,2;2,434;34,975;0;0;0;0;0;0;0;0;0;0;0;1;0;0;0
59,334;-22,67;2615,6;2,4343;34,975;0;0;0;0;0;0;0;0;0;0;0;1;0;0;0
59;-21,993;2895,2;2,48;34,973;0;0;0;0;0;0;0;0;0;0;0;1;0;0;0
59;-21,993;2910,2;2,4432;34,975;0;0;0;0;0;0;0;0;0;0;0;1;0;0;0
61,965;-19,989;1788;2,3409;34,968;0;0;0;0;0;0;0;0;0;0;0;1;0;0;0
61,965;-19,989;1797,6;2,3404;34,967;0;0;0;0;0;0;0;0;0;0;0;1;0;0;0
61,651;-20,022;1903,8;2,3421;34,967;0;0;0;0;0;0;0;0;0;0;0;1;0;0;0
61,29;-20,005;2234,7;2,3809;34,967;0;0;0;0;0;0;0;0;0;0;0;1;0;0;0
60,572;-20,017;2496,1;2,4671;34,969;0;0;0;0;0;0;0;0;0;0;0;1;0;0;0
59,997;-20,001;2753,6;2,4378;34,967;0;0;0;0;0;0;0;0;0;0;0;1;0;0;0
59,002;-19,997;2871;2,3375;34,969;0;0;0;0;0;0;0;0;0;0;0;1;0;0;0
59,49;-19,99;2798,8;2,3781;34,968;0;0;0;0;0;0;0;0;0;0;0;1;0;0;0
60,495;-19,987;2550,5;2,3524;34,972;0;0;0;0;0;0;0;0;0;0;0;1;0;0;0
59,718;-19,23;2717,5;2,4361;34,966;0;0;0;0;0;0;0;0;0;0;0;1;0;0;0
61,614;-19,996;2069,6;2,4358;34,992;0;0;0;0;0;0;0;0;0;0;0;1;0;0;0
60,998;-20,005;2414,8;2,4431;34,991;0;0;0;0;0;0;0;0;0;0;0;1;0;0;0
59,497;-19,997;2798,8;2,4975;34,987;0;0;0;0;0;0;0;0;0;0;0;1;0;0;0
58,999;-19,999;2871,5;2,4799;34,988;0;0;0;0;0;0;0;0;0;0;0;1;0;0;0
60,997;-19,904;2431;2,381;34,984;0;0;0;0;0;0;0;0;0;0;0;1;0;0;0
61,5;-19,999;2237;2,4515;35;0;0;0;0;0;0;0;0;0;0;0;1;0;0;0
61,249;-20;2397,5;2,4267;35;0;0;0;0;0;0;0;0;0;0;0;1;0;0;0
61,004;-20,003;2420,4;2,346;35;0;0;0;0;0;0;0;0;0;0;0;1;0;0;0
60,749;-20,005;2384,6;2,4181;35;0;0;0;0;0;0;0;0;0;0;0;1;0;0;0
59,832;-19,56;2735,1;2,3059;34,99;0;0;0;0;0;0;0;0;0;0;0;1;0;0;0
60,749;-19,995;2389,1;2,4693;34,984;0;0;0;0;0;0;0;0;0;0;0;1;0;0;0
61,251;-20;2401,4;2,3549;34,98;0;0;0;0;0;0;0;0;0;0;0;1;0;0;0
61,499;-20,001;2238,2;2,3518;34,981;0;0;0;0;0;0;0;0;0;0;0;1;0;0;0
59,059;-21,8502;2905,4;2,42554601801209;34,9856;0;0;0;0;0;0;0;0;0;0;0;1;0;0;0
59,059;-21,8502;2907,2;2,41958629338337;34,9858;0;0;0;0;0;0;0;0;0;0;0;1;0;0;0
59,4673;-22,7085;2501,4;2,35537539112452;34,9839;0;0;0;0;0;0;0;0;0;0;0;1;0;0;0
59,4673;-22,7085;2501,8;2,3550431977873;34,9838;0;0;0;0;0;0;0;0;0;0;0;1;0;0;0
59,6512;-23,7197;2392,3;2,4428907061153;34,9866;0;0;0;0;0;0;0;0;0;0;0;1;0;0;0
59,6512;-23,7197;2411,3;2,31715958589262;34,9838;0;0;0;0;0;0;0;0;0;0;0;1;0;0;0
59,8315;-24,7227;2256,8;2,36667356567548;34,9837;0;0;0;0;0;0;0;0;0;0;0;1;0;0;0
58,9073;-25,9098;2498,8;2,46388894125454;34,9845;0;0;0;0;0;0;0;0;0;0;0;1;0;0;0
58,1975;-26,6288;2680,9;2,36519496261925;34,983;0;0;0;0;0;0;0;0;0;0;0;1;0;0;0
63,782;-33,102;2684,9;0,47488;34,897;0;0;0;0;0;0;0;0;0;0;0;0;1;0;0
63,782;-33,102;2685;0,46684;34,897;0;0;0;0;0;0;0;0;0;0;0;0;1;0;0
-49,2;-38,2;1517,5;1,6267;34,718;0;0;0;0;0;0;0;0;0;0;0;0;0;1;0
-50,23;-41,59;1363,9;1,6108;34,717;0;0;0;0;0;0;0;0;0;0;0;0;0;1;0
-50,36;-42,29;1366,6;1,5837;34,717;0;0;0;0;0;0;0;0;0;0;0;0;0;1;0
-50,36;-42,29;1366,6;1,5837;34,717;0;0;0;0;0;0;0;0;0;0;0;0;0;1;0
-50,57;-45,08;1402,8;1,574;34,717;0;0;0;0;0;0;0;0;0;0;0;0;0;1;0
-56,785;-57,309;2141,5;1,59;34,718;0;0;0;0;0;0;0;0;0;0;0;0;0;1;0
-57,091;-57,122;2143,5;1,6189;34,718;0;0;0;0;0;0;0;0;0;0;0;0;0;1;0
-57,099;-57,022;2029,3;1,6283;34,717;0;0;0;0;0;0;0;0;0;0;0;0;0;1;0
-56,782;-57,233;2236,6;1,5992;34,718;0;0;0;0;0;0;0;0;0;0;0;0;0;1;0
-59,667;-55,444;863,7;1,5887;34,718;0;0;0;0;0;0;0;0;0;0;0;0;0;1;0
-56,864;-57,178;1320,4;1,5962;34,72;0;0;0;0;0;0;0;0;0;0;0;0;0;1;0
-56,783;-57,231;2069,1;1,623;34,717;0;0;0;0;0;0;0;0;0;0;0;0;0;1;0
-58,683;-56,054;1133,7;1,6076;34,721;0;0;0;0;0;0;0;0;0;0;0;0;0;1;0
-59,353;-50,237;2765;-0,2851;34,659;0;0;0;0;0;0;0;0;0;0;0;0;0;0;1
-60,73;-55,463;3075;-0,28847;34,66;0;0;0;0;0;0;0;0;0;0;0;0;0;0;1
-60,73;-55,463;3227;-0,30461;34,659;0;0;0;0;0;0;0;0;0;0;0;0;0;0;1
-60,73;-55,463;3430;-0,31988;34,659;0;0;0;0;0;0;0;0;0;0;0;0;0;0;1
-60,73;-55,463;3490;-0,32538;34,66;0;0;0;0;0;0;0;0;0;0;0;0;0;0;1
-59;-30,921;2900,5;-0,30257;34,66;0;0;0;0;0;0;0;0;0;0;0;0;0;0;1
-61,109;-31,041;2290,6;-0,32761;34,659;0;0;0;0;0;0;0;0;0;0;0;0;0;0;1
-59,995;-30,93;2497,6;-0,27921;34,66;0;0;0;0;0;0;0;0;0;0;0;0;0;0;1
-59,995;-30,93;2801,7;-0,30169;34,659;0;0;0;0;0;0;0;0;0;0;0;0;0;0;1
-59,766;-30,906;2499,2;-0,27639;34,66;0;0;0;0;0;0;0;0;0;0;0;0;0;0;1
-59,674;-30,897;2692,3;-0,29013;34,66;0;0;0;0;0;0;0;0;0;0;0;0;0;0;1
-59,674;-30,897;2914,4;-0,30432;34,66;0;0;0;0;0;0;0;0;0;0;0;0;0;0;1
-59,674;-30,897;2915,8;-0,30443;34,66;0;0;0;0;0;0;0;0;0;0;0;0;0;0;1
-59,05;-30,83;2497,6;-0,2746;34,659;0;0;0;0;0;0;0;0;0;0;0;0;0;0;1
-58,635;-30,825;2998;-0,28806;34,659;0;0;0;0;0;0;0;0;0;0;0;0;0;0;1
-57,801;-30,833;3606;-0,28562;34,66;0;0;0;0;0;0;0;0;0;0;0;0;0;0;1
-57,801;-30,833;3607;-0,28571;34,659;0;0;0;0;0;0;0;0;0;0;0;0;0;0;1
-60,65;-42,209;1998,5;-0,27322;34,659;0;0;0;0;0;0;0;0;0;0;0;0;0;0;1
-60,65;-42,19;2283,6;-0,2893;34,659;0;0;0;0;0;0;0;0;0;0;0;0;0;0;1
-60,65;-42,19;2450,4;-0,2853;34,659;0;0;0;0;0;0;0;0;0;0;0;0;0;0;1
-60,63;-42,09;2529,9;-0,31633;34,659;0;0;0;0;0;0;0;0;0;0;0;0;0;0;1
-60,686;-28,263;2121,2;-0,28297;34,659;0;0;0;0;0;0;0;0;0;0;0;0;0;0;1
-69,005;-6,9852;2847,5;-0,27095;34,66;0;0;0;0;0;0;0;0;0;0;0;0;0;0;1
-69,005;-6,9852;2847,5;-0,27096;34,66;0;0;0;0;0;0;0;0;0;0;0;0;0;0;1
-69,005;-6,9852;2943,4;-0,30425;34,659;0;0;0;0;0;0;0;0;0;0;0;0;0;0;1
-69,005;-6,9852;2943,4;-0,30425;34,659;0;0;0;0;0;0;0;0;0;0;0;0;0;0;1
-52,5;-35,55;3926,5;-0,28193;34,66;0;0;0;0;0;0;0;0;0;0;0;0;0;0;1
-59,501;-30,919;3147;-0,2713;34,659;0;0;0;0;0;0;0;0;0;0;0;0;0;0;1
-60,65;-42,21;1963,2;-0,28545;34,659;0;0;0;0;0;0;0;0;0;0;0;0;0;0;1
-60,63;-42,09;2544,1;-0,30943;34,66;0;0;0;0;0;0;0;0;0;0;0;0;0;0;1
-60,57;-41,69;2443,7;-0,2783;34,66;0;0;0;0;0;0;0;0;0;0;0;0;0;0;1
-60,42;-38,71;2424,6;-0,32268;34,66;0;0;0;0;0;0;0;0;0;0;0;0;0;0;1
-59,86;-33,07;2506,8;-0,31097;34,659;0;0;0;0;0;0;0;0;0;0;0;0;0;0;1
-59,99;-30,93;2995,6;-0,29446;34,66;0;0;0;0;0;0;0;0;0;0;0;0;0;0;1
-59,99;-30,93;3034,7;-0,31361;34,66;0;0;0;0;0;0;0;0;0;0;0;0;0;0;1
-59,99;-30,93;3035,5;-0,31495;34,66;0;0;0;0;0;0;0;0;0;0;0;0;0;0;1
-59,67;-30,9;2813,7;-0,30987;34,659;0;0;0;0;0;0;0;0;0;0;0;0;0;0;1
-59,67;-30,9;2916,7;-0,32461;34,659;0;0;0;0;0;0;0;0;0;0;0;0;0;0;1
-59,67;-30,9;2968,4;-0,32355;34,659;0;0;0;0;0;0;0;0;0;0;0;0;0;0;1
-59,67;-30,9;3015,2;-0,3271;34,659;0;0;0;0;0;0;0;0;0;0;0;0;0;0;1
-59,67;-30,9;3015,2;-0,3271;34,659;0;0;0;0;0;0;0;0;0;0;0;0;0;0;1
-59,44;-30,86;3072,1;-0,3083;34,66;0;0;0;0;0;0;0;0;0;0;0;0;0;0;1
-59,05;-30,83;2971,3;-0,31284;34,66;0;0;0;0;0;0;0;0;0;0;0;0;0;0;1
-59,05;-30,83;3073,7;-0,32231;34,66;0;0;0;0;0;0;0;0;0;0;0;0;0;0;1
-59,05;-30,83;3125,2;-0,32791;34,659;0;0;0;0;0;0;0;0;0;0;0;0;0;0;1
-58,21;-30,82;3967,3;-0,31715;34,66;0;0;0;0;0;0;0;0;0;0;0;0;0;0;1
-57,46;-31,33;3627,5;-0,27473;34,659;0;0;0;0;0;0;0;0;0;0;0;0;0;0;1
-57,46;-31,33;3731,5;-0,27528;34,659;0;0;0;0;0;0;0;0;0;0;0;0;0;0;1
-51,64;-40,49;3781,4;-0,32824;34,66;0;0;0;0;0;0;0;0;0;0;0;0;0;0;1
-51,64;-40,49;3781,5;-0,32864;34,66;0;0;0;0;0;0;0;0;0;0;0;0;0;0;1
-58,688;-56,155;3844,8;-0,27468;34,66;0;0;0;0;0;0;0;0;0;0;0;0;0;0;1
-60,005;-55,319;3551,6;-0,28417;34,66;0;0;0;0;0;0;0;0;0;0;0;0;0;0;1
